,input,A,B
0,그는 새 의자를 구입했다,소비욕이 강하다,만족하다
1,그는 일주일 동안 아팠다,아프다,피곤하다
2,그는 모래성을 쌓았다,창의적이다,창의적이다
3,그는 블루베리를 따고 있었다,즐거워 보인다,자연을 즐긴다
4,그는 날개를 펄럭였다,자유롭다,자유롭다
5,그는 심장마비가 왔다,생명의 위협을 받았다,위급하다
6,그는 너무 빨리 가고 있었다,성급하다,서둘러 한다
7,그는 소음이 들렸다,짜증스럽다,예민하다
8,그는 준비를 완료했다,준비가 철저하다,자신감 있다
9,그는 입을 옷을 찾았다,깔끔하다,만족하다
10,그는 실망한 표정였다,실망한 것 같다,안타깝다
11,그는 재미있어 보였다,유머 감각이 있다,유머러스하다
12,그는 신에게 충성을 바쳤다,신앙심이 깊다,경건하다
13,그는 집에 가도 되었다,자유롭다,자유롭다
14,그는 학교에 갈 옷을 준비했다,꾸준하다,열정적이다
15,그는 피자 파티가 있었다,사교적이다,즐겁다
16,그는 마침내 선택했다,결단력이 있다,결단력 있다
17,그는 너무 심하게 다쳤다,위험하다,불쌍하다
18,그는 몸이 아프기 시작했다,불편하다,불쌍하다
19,그는 밤에 잠을 잘 이루지 못했다,불안하다,피곤하다
20,그는 새로운 기술을 배웠다,열정적이다,똑똑하다
21,그는 황금알을 낳는 거위를 죽였다,욕심이 많다,어리석다
22,그는 대학에 지원했다,미래를 위해 노력한다,미래를 준비한다
23,그는 홀인원을 기록했다,탁월한 실력을 가지고 있다,자랑스럽다
24,그는 방과 후 친구들과 농구를 했다,사교적이다,활발하다
25,그는 곧 기분이 나아질 겄다,낙심하지 않는다,낙천적이다
26,그는 커피를 머그잔에 마셨다,친환경적이다,카페인 중독자
27,그는 엔진을 망가뜨렸다,무능하다,답답하다
28,그는 새로운 새끼 고양이를 얻었다,행복하다,행복하다
29,그는 과거는 과거로 뒀다,과거를 잊었다,앞으로 나아간다
30,그는 새 기타를 구입했다,음악을 좋아한다,음악을 좋아한다
31,그도 노력했다,노력한다,열정적이다
32,그는 시간을 가졌다,여유롭다,여유롭다
33,그는 애완동물을 허용했다,동물 애호가다,관대하다
34,그는 휴대폰을 받았다,기쁘다,통신이 원활하다
35,그는 C를 받았다,성적이 낮다,실망하다
36,그는 TV를 구입했다,소비욕이 강하다,소비적이다
37,그는 다리를 심하게 다쳤다,고통스럽다,고통스럽다
38,그는 그녀의 바지에 오줌을 쌌다,부끄럽다,부끄럽다
39,그는 찾을 수 없었다,실종되었다,사라지다
40,그는 곧 나아질 겄다,희망적이다,희망적이다
41,그는 새 카메라를 구입했다,현대적이다,사진을 좋아한다
42,그는 어젯밤부터 시작했다,피곤하다,피곤하다
43,그는 강아지를 키우고 싶다고 했다,다정하다,애착있다
44,그는 등산했다,운동을 좋아하다,활동적이다
45,그는 휴대폰을 가지고 있었다,현대적이다,통신이 원활하다
46,그는 전화 한 통을 받았다,바쁘다,기쁘다
47,그는 더 높이 올라갔다,성취가 높다,용감하다
48,그는 이발이 필요했다,머리가 길다,단정하다
49,그는 지갑을 집에 두고 왔다,망각하기 쉽다,부주의하다
50,그는 목록을 잊어버렸다,부주의하다,망각력이 좋지 않다
51,그는 페이지를 넘겼다,호기심이 많다,호기심 많다
52,그는 도넛도 먹었다,식욕이 강하다,현실적이다
53,그는 그것을 학교에 가져왔다,호기심이 많다,호기심 많다
54,그는 좋아하는 사람에게 물어봤다,용기가 있다,호감을 품다
55,그는 자신을 인식했다,자기 자신을 이해하고 있다,자기애가 강하다
56,그는 새 옷을 구입했다,활기차다,자신있다
57,그는 모든 인형을 외웠다,기억력이 좋다,기억력이 뛰어나다
58,그는 훨씬 좋아 보였다,기분이 좋아 보인다,행복하다
59,그는 요리하고 싶어 하지 않았다,게으르다,게으르다
60,그는 새 자전거를 구입했다,쾌활하다,행복하다
61,그는 목줄을 사용했다,개를 키우고 있다,반려동물을 키운다
62,그는 커피를 주문했다,활기차다,졸리다
63,그는 태클을 당했다,격렬하게 공격당했다,취약하다
64,그는 그녀에게 몸을 기울였다,관심을 가지고 있다,관대하다
65,그는 오른쪽으로 향했다,오른쪽을 좋아하거나 선호한다,혼란스럽다
66,그는 배심원 의무를 위해 소환되었다,사회적 의무감이 강하다,책임감 있다
67,그는 자신을 과시했다,자만심이 강하다,자만심 많다
68,그는 쿠키도 만들었다,요리를 잘한다,다재다능하다
69,그는 유치원에 입학했다,어리다,어리석다
70,그는 구걸하러 갔다,가난하다,빈곤하다
71,그는 면도를 중단했다,귀찮다,귀찮다
72,그는 약속을 잡았다,사교적이다,바쁘다
73,그는 스스로 일을 자초했다,결단력이 있다,결단력 있다
74,그는 방과 후 축구를 했다,활동적이다,활동적이다
75,그는 그 의미를 설명했다,명확하다,명확하다
76,그는 처음 이발을 했다,경험이 없다,신선하다
77,그는 온몸에 흘리고 있었다,땀을 흘리고 있다,지루하다
78,그는 드디어 도착했다,늦었다,지치다
79,그는 그녀를 죽음으로 이끌었다,무자비하다,무자비하다
80,그는 그녀를 만나러 갔다,로맨틱하다,흥분하다
81,그는 2013년에 캠브리지로 이사했다,새로운 시작을 했다,새로운 시작을 한다
82,그는 그녀의 턱을 꽉 움켜쥐었다,분노에 찬다,폭력적이다
83,그는 어젯밤 피자를 다 먹었다,배가 고프다,배고프다
84,그는 고양이 알레르기가 있었다,알레르기가 있다,안쓰럽다
85,그는 마침내 먹이를 찾았다,만족스럽다,만족하다
86,그는 다리를 삐끗했다,취약하다,아프다
87,그는 내 머리를 때렸다,공격적이다,화가 나다
88,그는 그녀를 죽이러 갔다,폭력적이다,무자비하다
89,그는 제시간에 집에 도착했다,신뢰할 만하다,신뢰할 만하다
90,그는 저녁을 먹었다,만족스럽다,배고프다
91,오늘은 그녀의 마지막 날였다,슬프다,슬프다
92,그는 그녀가 그럴 거라고 했다,예언가다,예언력이 있다
93,그는 수상한 냄새를 맡았다,의심스럽다,의심스럽다
94,그는 엄마에게 선물했다,관대하다,다정하다
95,그는 금반지를 발견했다,운이 좋다,운이 좋다
96,그는 캠프파이어를 시작했다,활동적이다,활기차다
97,그는 보고서를 작성했다,철저하다,열심히 일한다
98,그는 '펑'하는 소리를 들었다,놀라다,놀라다
99,그는 깜짝퀴즈를 출제했다,재미있다,재미있다
100,그는 강아지를 찾았다,친근하다,따뜻하다
101,그는 고양이를 좋아했다,애완동물을 좋아하다,애완동물을 좋아한다
102,그는 하루 종일 게임을 했다,게으르다,게으르다
103,그는 나중에 질문했다,소극적이다,호기심 많다
104,그는 지갑을 돌려받았다,선량하다,감사하다
105,그는 그것을 학교에 가져갔다,열정적이다,책임감 있다
106,그는 무릎을 다쳤다,아픔을 느낀다,아프다
107,그는 갑자기 기억이 났다,갑작스럽다,깨닫다
108,그는 아이와 함께 놀 수 있었다,어린이를 좋아한다,친근하다
109,그는 처음에는 어떻게 해야 할지 몰랐다,당황스럽다,주저한다
110,그는 심지어 케이크도 만들었다,열정적이다,다재다능하다
111,그는 손을 들었다,질문이 있다,관심 있다
112,그는 입을 적셨다,건강에 신경을 쓴다,신중하다
113,그는 새 고양이를 입양했다,관대하다,관대하다
114,그는 정리를 잘했다,체계적이다,체계적이다
115,그는 그 높이에서 더 크고 무거워 보였다,위협적,위협적이다
116,그는 눈물이 날 지경였다,슬프다,슬프다
117,그는 놀고 싶지 않아 했다,신중하다,지루하다
118,그는 평화롭게 잠을 잤다,안정적이다,안정되다
119,그는 종이에 물감을 묻혔다,창의적이다,어설프다
120,그는 칠면조를 넣었다,유머러스하다,요리에 열정적이다
121,그는 다시 전화를 받았다,사교적이다,인기 있다
122,그는 눈사람을 만들었다,창의적이다,창의적이다
123,그는 결국 쓰러졌다,쇼크에 걸렸다,약하다
124,그는 곧 집으로 돌아갔다,집을 그리워한다,보호받다
125,그는 새 보트를 구입했다,부유하다,부유하다
126,그는 쇼핑하러 가고 싶다고 했다,소비욕이 강하다,소비욕이 강하다
127,그는 소파에서 낮잠을 자고 있었다,피곤하다,피곤하다
128,그는 혼자서 저녁을 먹었다,외로워 보인다,외롭다
129,그는 잠이 들었다,피곤하다,피곤하다
130,그는 술을 너무 많이 마셨다,취한 모습이다,취하다
131,그는 매일 아침 눈을 떴다,생존하다,활기차다
132,그는 그녀의 셔츠 단추를 풀었다,로맨틱하다,로맨틱하다
133,그는 새 타이어가 필요했다,꾸준하다,꾸준하다
134,그는 자신의 알람을 설정했다,책임감이 있다,책임감 있다
135,그는 선택의 폭을 좁혔다,보수적이다,신중하다
136,그는 직원을 해고했다,엄격하다,냉담하다
137,그는 발진이 생겼다,건강이 나쁘다,걱정스럽다
138,그는 집에 가서 옷을 갈아입어야 했다,바빠 보인다,바쁘다
139,그는 정말 착해 보였다,친절하다,친절하다
140,그는 알림을 받았다,중요한 정보를 받았다,궁금하다
141,그는 아버지와 함께 낚시하러 갔다,가족을 중요하게 생각한다,가족을 중요시한다
142,그는 아기를 안고 있었다,부모다,책임감 있다
143,그는 기분이 나빠지기 시작했다,우울하다,우울하다
144,그는 새집을 지었다,집을 건설하다,자긍심이 높다
145,그는 새 정장을 구입했다,새로운 시작을 하려 하다,자신감 넘친다
146,그는 부딪혔다,다치다,상처받다
147,그는 퇴근길에 커피를 사서 마셨다,피곤하다,피곤하다
148,그는 생일 파티가 있었다,축하받았다,행복하다
149,그는 암매장 당했다,불운을 겪다,불운하다
150,그는 파트타임으로 일하고 있었다,부업을 하고 있다,부지런하다
151,그는 자기도 모르게 자신에게 해가 되는 일을 했다,자극적이다,자극적이다
152,그는 이제 자야 했다,피곤하다,피곤하다
153,그는 깁스를 해야 했다,다친 것 같다,다치다
154,그는 하루를 시작했다,활기차다,활기차다
155,그는 새 드레스를 입었다,세련되고 멋있어 보인다,자신있다
156,그는 어느 날 배고픔을 느꼈다,식사를 해야 한다,굶주리다
157,그는 새 집으로 이사했다,새로운 시작을 하다,흥분하다
158,그는 깁스를 하고 있었다,다친 것 같다,다치다
159,그는 그녀의 어깨를 두드렸다,위로하다,친근하다
160,그는 양쪽을 동시에 지지했다,중립적이다,타협적이다
161,그는 전봇대에 부딪혔다,불운을 겪었다,우둔하다
162,그는 그것을 학교에 입고 다녔다,규칙을 준수한다,멋지다
163,그도 케이크를 먹었다,달콤하다,달콤하다
164,그는 밤에 잠을 잤다,편안하다,피곤하다
165,그는 팔을 들어 올렸다,인사를 하다,활동적이다
166,그는 실수로 노크를 했다,어리둥절하다,당황하다
167,그는 구취가 심했다,개인 위생에 신경을 쓰지 않는다,방심하다
168,그는 새로운 일을 시작했다,새로운 도전을 감행하다,희망차다
169,그는 내비게이션에 도움을 요청했다,방향감각이 없다,방향감이 없다
170,그는 총을 들고 목표물을 공격했다,위협적이다,위협적이다
171,그는 호텔을 찾았다,여행자다,피곤하다
172,그는 성인이 되었다,책임감이 있다,책임있다
173,그는 자전거를 타고 집으로 돌아갔다,활동적이다,활기차다
174,그는 남편에게 문자를 보내었다,소통을 중요시한다,사랑에 빠지다
175,그는 전화번호를 교환했다,친근하다,호감이 있다
176,그는 경적을 울렸다,조심스럽다,거치다
177,그는 꽤 멋져 보였다,자신감이 있다,자신감 있다
178,그는 하루를 마무리했다,만족스럽다,피곤하다
179,그는 마침내 그녀를 찾았다,끈기 있다,끈질기다
180,그는 데이트를 원했다,사랑을 원한다,외롭다
181,그는 갈등에 휘말렸다,곤혹스럽다,괴롭다
182,그는 팝콘을 먹었다,영화를 즐긴다,영화를 보러 오다
183,그는 좋아하는 TV 프로그램을 시청했다,즐거워한다,즐겁다
184,그는 집에 안전하게 도착했다,안도하다,안심하다
185,그는 더 나은 직장을 찾았다,야심적이다,포부가 있다
186,그는 현금이 좀 필요했다,긴장되어 있다,어렵다
187,그는 응급실에 가야 했다,위급한 상황에 처했다,위급하다
188,그는 치어리더가 되고 싶어 했다,열정적이다,열정적이다
189,그는 상황파악을 하지 못한 채 놀고 있었다,부주의하다,부주의하다
190,그는 거부당했다,실망했다,실망하다
191,그는 얼굴을 맞았다,충격을 받았다,분노하다
192,그는 상사에게 사과했다,책임감이 있다,책임감 있다
193,그는 내일 큰 시험이 있었다,긴장되다,긴장하다
194,그는 선풍기를 구입했다,실용적이다,시원하다
195,그는 새 옷장을 구입했다,사치스럽다,자신있다
196,그는 친구들을 초대했다,사교적이다,사교적이다
197,그는 선물을 받았다,기쁘다,기쁘다
198,그는 장난감을 찾았다,호기심이 많다,기쁘다
199,그는 청소를 도와줬다,친절하다,친절하다
200,그는 내 부모님께 물어봤다,존중받고 싶다,현명하다
201,그는 데이트 상대를 찾았다,외로움을 느낀다,로맨틱하다
202,그는 집에 가야 했다,책임감이 있다,지루하다
203,그는 주스를 엎질렀다,어설프다,어설프다
204,그는 성을 변경했다,자아를 찾고 있다,변화를 추구한다
205,그는 그것을 부모님에게 보여주기도 했다,자랑스럽다,자랑스럽다
206,그는 환불을 요구했다,불만스럽다,불만스럽다
207,그는 동물원에 사탕을 가져다줬다,관대하다,관대하다
208,그는 그녀에게 원하는대로 할 수 있게 했다,유연하다,영리하다
209,그는 밤에 잠이 들었다,피곤하다,피곤하다
210,그도 그것을 원했다,탐욕스럽다,탐욕스럽다
211,그는 소총을 발사했다,위험하다,위협적이다
212,그는 체중이 줄었다,건강하다,건강하다
213,그는 목이 아파했다,아픔을 느낀다,불편하다
214,그는 쩝쩝거리는 소리를 내었다,귀엽다,귀찮다
215,그는 스스로를 기록했다,자기 중심적이다,자기 중심적이다
216,그는 자신에 대해 매우 화가 나 있었다,분노에 찬다,분노하다
217,그는 이제 시작해야 했다,결심하다,결심있다
218,그는 열쇠를 잊어버렸다,망각력이 좋지 않다,망각력이 나쁘다
219,그는 오늘이 첫날였다,설레다,신선하다
220,그는 차를 엎질렀다,충분히 조심하지 않았다,충격을 받다
221,그는 이유를 설명했다,설명적이다,이해심 있다
222,그는 휴가를 시작했다,피곤하다,행복하다
223,그는 여자친구와 결혼했다,행복해 보인다,행복하다
224,그는 새로운 사람들을 만났다,사교적이다,호기심 많다
225,그는 더 이상 짖지 않았다,고요하다,차분하다
226,그는 싸우고 싶지 않아 했다,평화주의자다,평화롭다
227,그는 포커 토너먼트에 참가했다,도박을 즐긴다,유능하다
228,그는 휴대폰을 돌려받았다,친절하다,안심하다
229,그는 다음 날 그만뒀다,갑작스럽다,실망하다
230,그는 도와달라고 울부짖었다,절박하다,절망적이다
231,그는 좋아하는 노래를 연주했다,음악적인 것을 좋아한다,재능 있다
232,그는 동영상을 시청했다,호기심이 많다,흥미진진하다
233,그는 하루 종일 플레이했다,게임 중독이다,게으르다
234,그는 공을 가지고 있었다,스포츠를 좋아한다,놀기 좋아한다
235,그는 가발을 뒤집었다,혼란스럽다,혼란스럽다
236,그는 집처럼 편안해 했다,안정적이다,안심하다
237,그는 무서운 소리를 들었다,놀란다,겁에 질리다
238,그는 거미를 죽였다,용감하다,용감하다
239,그는 그녀에게 음식을 줬다,관대하다,관대하다
240,그는 캠핑 여행 중였다,모험을 좋아한다,즐겁다
241,그는 둥지를 지었다,안정적이다,보호적이다
242,그는 멍청해 보였다,어리석다,어리석다
243,그는 머리 뒤에도 눈이 있었다,이상하다,의심스럽다
244,그는 기침을 시작했다,아프다,아프거나 불쾌하다
245,그는 새 트럭을 구입했다,부유하다,부유하다
246,그는 몸을 따뜻하게 했다,안락하다,건강하다
247,그는 하나를 훔쳤다,도덕적으로 부적절하다,비도덕적이다
248,그는 큰 시험이 다가오고 있었다,긴장되어 보인다,긴장되다
249,그는 어쨌든 떠났다,결단력이 있다,결단력 있다
250,그는 혀를 내밀어 메롱했다,조롱하다,무례하다
251,그는 마침내 그녀를 만났다,행복하다,행복하다
252,그는 티켓을 받았다,규칙을 어기다,행운을 누리다
253,그는 밤을 새워 공부했다,열정적이다,열심히 한다
254,그는 금식을 깨기 시작했다,배고프다,배고프다
255,그는 그녀를 유혹으로 이끌었다,교활하다,매력적이다
256,그는 외출금지를 당했다,규율을 어기다,억울하다
257,그는 집이 그립었다,향수에 젖다,외롭다
258,그는 직장에서 은퇴했다,나이가 들었다,늙다
259,그는 게시되었다,유명해졌다,유명하다
260,그는 첫 직장을 얻었다,희망찬 모습,흥분하다
261,그는 주차장을 찾았다,차량을 주로 이용한다,근심스럽다
262,그는 무도회 드레스와 함께 입었다,화려하다,아름답다
263,그는 바위에 걸려 넘어졌다,조심하지 않다,서툴러 보인다
264,그는 스스로를 존중했다,자신감이 있다,자신감 있다
265,그는 추수감사절 저녁 식사를 준비했다,관대하다,친절하다
266,그는 코를 후볐다,신경질적이다,화가 나다
267,그는 곧바로 잠자리에 들었다,피곤하다,피곤하다
268,그는 함께 앉아 있었다,사교적이다,침묵을 지킨다
269,그는 모두에게 감사했다,감사하다,친절하다
270,그는 팔을 뻗었다,도와 달라고 하고 있다,도와 달라고 한다
271,그는 꿈에 그리던 직장을 구하기 위해 면접을 봤다,열정적이다,열정적이다
272,그는 휴가가 필요했다,피곤하다,피곤하다
273,그는 매우 아팠다,고통스럽다,고통받다
274,그는 곰에게 상처를 입혔다,위협적이다,위험하다
275,그는 제 방으로 돌아왔다,안도하다,안도하다
276,그는 밴드에 가입했다,음악에 열정적이다,음악적이다
277,그는 이상하게 생겼다,이상하다,유쾌하다
278,그는 발가락을 삐끗했다,아픔을 느끼다,아프다
279,그는 학용품을 구입했다,교육에 관심이 많다,교육에 관심이 많다
280,그는 기록을 경신했다,빠르다,자랑스럽다
281,그는 사냥을 좋아했다,용감하다,용감하다
282,그는 쿠키를 더 먹고 싶어했다,달콤한 것을 좋아한다,간식을 좋아한다
283,그가 또 왔다,다시 나타났다,귀찮다
284,그는 골대를 움직였다,강력하다,강력하다
285,그는 그녀의 뒤에서 소리를 들었다,깜짝 놀라다,궁금하다
286,그는 바로 본론부터 말했다,직설적이다,직접적이다
287,그는 인터뷰 일정을 잡았다,중요하다,중요하다
288,그는 흙장난을 쳤다,유머 감각이 있다,흥분하다
289,그는 친구들과 파티에 갔다,사교적이다,활발하다
290,그는 완벽한 드레스를 찾았다,세련되다,만족하다
291,그는 방을 청소하고 싶어 했다,깔끔하다,깨끗하다
292,그는 그녀에게 기름을 부었다,로맨틱하다,로맨틱하다
293,그는 신에게 과일을 바쳤다,종교적이다,종교적이다
294,그는 휴대폰으로 통화했다,사교적이다,분노하다
295,그는 모자를 벗었다,예의 바르다,예의 바르다
296,그는 쓸데없이 위험한 짓을 했다,무모하다,무모하다
297,그는 고개를 살짝 흔들었다,이해하지 못했다,이해한다
298,그는 거스름돈을 받았다,꼼꼼하다,만족하다
299,그는 고소공포증이 있었다,두려움을 느낀다,민감하다
300,그는 여행을 취소했다,실망스럽다,실망하다
301,그는 대신 개를 키우게 되었다,책임감이 있다,애완 동물을 좋아한다
302,그는 새로운 친구를 찾았다,사교적이다,사교적이다
303,그는 그녀에게 소란을 피웠다,곤란하다,골치 아프다
304,그는 이력서를 업데이트했다,구직중이다,취직을 원한다
305,그는 몸이 좋지 않았다,아프다,아프다
306,그는 화재 경보를 들었다,경계심이 많다,놀라다
307,그는 잠을 잘 잤다,건강하다,피곤하지 않다
308,그는 요즘 우울한 기분이 들었다,우울하다,우울하다
309,그는 레이스를 시작했다,경쟁적이다,경쟁적이다
310,그는 정말 귀엽었다,매력적이다,사랑스럽다
311,그는 아이스크림을 먹고 싶어 했다,유쾌하다,달콤하다
312,그는 분노조절 문제가 있었다,화를 잘 낸다,화 잘 낸다
313,그는 대신 걸었다,책임감이 있다,책임감 있다
314,그도 일하지 않았다,게으르다,나태하다
315,그는 가스가 필요했다,요령이 없다,불안하다
316,그는 TV를 켜었다,게으르다,게으르다
317,그는 마실 것을 가져왔다,사교적이다,대담하다
318,그는 한 모금을 마셨다,목마르다,만족하다
319,그는 요리를 좋아했다,창의적이다,요리에 능숙하다
320,그는 새 은행 계좌를 개설했다,새로운 시작을 원한다,재빠르다
321,그는 노트북을 떨어뜨렸다,서투르다,어설프다
322,그는 철자 맞추기 대회에서 우승했다,영리하다,똑똑하다
323,그는 고양이를 키우고 있었다,애완동물을 좋아한다,애완 동물을 좋아한다
324,그는 더 잘 일했다,능력이 있다,열심히 일한다
325,그는 말투가 바뀌었다,의심스럽다,의심스럽다
326,그는 매우 심하게 아팠다,고통스럽다,고통스럽다
327,그는 TV 프로그램을 시청했다,피곤하다,게으르다
328,그는 드디어 앉았다,피곤하다,피곤하다
329,그는 새 차가 생겼다,부유하다,행복하다
330,그는 돈을 너무 많이 썼다,낭비가 심하다,낭비한다
331,그는 시간을 절약했다,효율적이다,효율적이다
332,그는 동생과 대화를 나눴다,친근하다,따뜻하다
333,그는 공을 찾았다,성실하다,기쁘다
334,그는 수업에 결석했다,귀찮다,부주의하다
335,그는 공을 던졌다,운동을 좋아한다,강력하다
336,그는 스카이다이빙을 하고 싶어했다,모험적이다,대담하다
337,그는 새로운 친구를 사귀었다,사교적이다,사교적이다
338,그는 지갑을 보관했다,신중하다,신중하다
339,그는 응답이 없었다,무관심하다,무관심하다
340,그는 좋아하는 영화를 시청했다,영화를 즐긴다,만족하다
341,그는 공중을 휘젓고 다녔다,자유로워 보인다,우아하다
342,그는 꿈에 그리던 자동차를 구입했다,만족스럽다,행복하다
343,그는 별똥별을 봤다,로맨틱하다,운이 좋다
344,그는 우리에서 탈출했다,속임수가 있다,자유롭다
345,그는 더 안전하다고 느꼈다,안도하다,안심하다
346,그는 첫 주택을 구입했다,성공적이다,성공하다
347,그는 숙제하는 것을 잊어버렸다,부주의하다,부주의하다
348,그는 입사 지원을 했다,열정적이다,취업을 열망한다
349,그는 너무 취해서 운전할 수 없었다,책임감이 없다,무책임하다
350,그는 게임에서 승리했다,경쟁적이다,자신감 넘친다
351,그는 졸업장을 받았다,성공적이다,기쁘다
352,그는 엄마와 함께 쇼핑몰에 갔다,가족을 소중히 여긴다,행복하다
353,그는 기념품을 살았다,기억에 남기 위해 노력한다,관심이 많다
354,그는 여덟 살이 되었다,어린이다,어리다
355,그는 호루라기를 불었다,유쾌하다,유쾌하다
356,그는 그의 지갑을 받았다,안전하다,안심하다
357,그는 손에 화상을 입었다,아픕니다,아프다
358,그는 다리를 보여줬다,자신감이 있다,용감하다
359,그는 이상한 소리가 들렸다,의심스럽다,놀라다
360,그는 패스트푸드를 먹지 않았다,건강을 중시한다,건강하다
361,그는 요즘 우울해했다,우울한 상태에 있다,우울하다
362,그는 대신 시리얼을 먹었다,대체적이다,간단하다
363,그는 셔츠에 물을 엎질렀다,서투르다,어설프다
364,그는 주문을 했다,결단력이 있다,배고프다
365,그는 드디어 집에 도착했다,피곤하다,피곤하다
366,그는 얼굴에 미소가 가득했다,행복해 보인다,행복하다
367,그는 내 부모님께 말씀드렸다,복종적이다,예의 바르다
368,그는 실수로 부딪혔다,어리석다,어설프다
369,그는 자기 자신을 연기했다,연기력이 뛰어나다,자기 중심적이다
370,그는 으르렁거리기 시작했다,화를 내고 있다,화를 낸다
371,그는 내기에서 졌다,실망스럽다,실망하다
372,그는 새 컴퓨터를 구입했다,현대적이다,현명하다
373,그는 누구에게나 물어봤다,호기심이 많다,무지하다
374,그는 떠나고 싶지 않았다,안정을 원한다,안도하다
375,그는 어젯밤 꿈을 꿨다,꿈을 꾸다,행복하다
376,그는 청력 검사를 받았다,건강에 신경을 쓴다,난청이다
377,그는 어제 제 손톱을 칠해줬다,세심하다,친절하다
378,그는 꽤 괜찮아 보였다,매력적이다,매력적이다
379,그는 담배를 끊었다,건강을 생각한다,결단력 있다
380,그는 파티에 초대받았다,사교적이다,기쁘다
381,그는 노래도 부르고 춤도 추웠다,즐겁다,활기차다
382,그도 멈췄다,주의 깊다,지루하다
383,그는 운전대를 잡았다,운전을 할 줄 안다,자신감 넘친다
384,그는 이웃에게 물었다,사교적이다,친근하다
385,그는 홀로 일어섰다,강인하다,강인하다
386,그는 공황 발작을 일으켰다,불안정한 상태에 있다,불안하다
387,그는 벌금을 내야 했다,법을 어기다,부주의하다
388,그는 어느 날 가게에 갔다,보통,호기심 많다
389,그는 물건이 너무 많았다,낭비하는 경향이 있다,소질이 나다
390,그는 어젯밤에 외출했다,활동적이다,활발하다
391,그는 어쨌든 그는 그것을 시도했다,용감하다,용감하다
392,그는 새끼 고양이를 찾았다,친근하다,친근하다
393,그는 그녀의 목을 감쌌다,폭력적이다,폭력적이다
394,그는 간식을 먹고 싶어 했다,배고프다,배고프다
395,그는 풀타임으로 일하고 있었다,부지런하다,힘든 일을 한다
396,그는 할아버지를 찾아갔다,가정적이다,존경받다
397,그는 아이스하키 선수였다,경쟁적이다,운동선수
398,그는 모퉁이를 돌았다,새로운 시작을 한다,궁금하다
399,그는 커피를 한 모금 마셨다,깨어나다,깨어있다
400,그는 자존감이 낮았다,자신감이 없다,자신을 몰아세우지 못한다
401,그는 인터넷을 검색하고 있었다,호기심 많다,호기심 많다
402,그는 노래를 부르기 시작했다,음악적이다,재능 있다
403,그는 하루 종일 검색을 했다,열정적이다,호기심 많다
404,그는 사진을 찍었다,기억을 남기다,창의적이다
405,그는 남편과 이혼했다,불행하다,용감하다
406,그는 결국 무너졌다,약해 보인다,연약하다
407,그는 먹고 마셨다,만족스럽다,만족하다
408,그는 수학 시험이 있었다,똑똑하다,똑똑하다
409,그는 오일 교환이 필요했다,차량을 가지고 있다,고장나다
410,그는 겨울에 밀짚모자를 구입했다,따뜻함을 추구한다,유행을 따른다
411,그는 버퍼에 부딪혔다,서투르다,단호하다
412,그는 치과에 가야 했다,치아가 아프다,아픈다
413,그는 첫 번째 게임에서 승리했다,자신감이 있다,자신감 넘친다
414,그는 입술을 깨물었다,긴장되어 있다,걱정스럽다
415,그는 머리를 휙 돌렸다,놀랐다,궁금하다
416,그는 이혼을 했다,불행하다,상처받다
417,그는 늦게 귀가했다,부주의하다,부주의하다
418,그는 첫 마라톤을 뛰었다,도전적이다,피곤하다
419,그는 거품 목욕을 했다,유쾌하다,깔끔하다
420,그는 집에 태워다 줄 사람이 필요했다,친절하다,착하다
421,그는 스케이트보드를 배웠다,새로운 것을 시도하는 것을 좋아한다,능숙하다
422,그는 뭔가 냄새가 났다,예민하다,염치없다
423,그는 데이트 상대에게 깊은 인상을 남겼다,매력적이다,매력적이다
424,그는 셔츠에 주스를 엎질렀다,어설프다,어설프다
425,그는 지갑을 찾을 수 없었다,당황스럽다,낙담하다
426,그는 먹거나 마셨다,배고프다,만족하다
427,그는 점점 더 좋아지고 있었다,발전하고 있다,희망차다
428,그는 클럽에 가입했다,사교적이다,사교적이다
429,그는 발목을 다쳤다,불행하다,아프다
430,그는 별로 도움이 되지 않았다,무력하다,무책임하다
431,그는 기회를 얻었다,운이 좋다,운이 좋다
432,그는 학교에서 괴롭힘을 당하고 있었다,불쌍하다,불행하다
433,그는 환경을 보호했다,환경을 중요시한다,책임감 있다
434,그는 우승자를 발표했다,중요하다,자랑스럽다
435,그는 밖에 풀을 봤다,자연을 즐기다,평온하다
436,그는 유권자 등록을 했다,책임감이 있다,책임감 있다
437,그는 출근에 한 시간 늦었다,부주의하다,부주의하다
438,그는 쇼핑을 시작했다,소비에 돈을 많이 쓴다,소비욕이 강하다
439,그는 서류 가방을 집에 맡겼다,신뢰할 만하다,신뢰할 만하다
440,그는 바람을 쐬었다,여유롭다,상쾌하다
441,그는 엎질러진 물을 재빨리 치웠다,책임감이 있다,친절하다
442,그는 누군가에게 전화를 겄다,사교적이다,바쁘다
443,그는 건강 문제가 있었다,취약하다,아프다
444,그는 친구를 찾았다,사교적이다,외롭다
445,그도 동참했다,사교적이다,흥분하다
446,그는 아픈 척을 했다,속이 안 좋다,가식적이다
447,그는 새 책을 발견했다,호기심이 많다,호기심 많다
448,그는 밤에 잠을 잘 못 자고 있었다,피곤하다,피곤하다
449,그는 학교에 가져갈 책을 구했다,교양있다,열심히 공부한다
450,그는 이혼을 신청했다,불행해 보인다,절망적이다
451,그는 한밤중에 깨어났다,불면증에 시달리다,불면증 있다
452,그는 직진했다,단호하다,결연하다
453,그는 한 귀로 듣고 흘렸다,무심하다,무관심하다
454,그는 캐나다로 이주했다,이민자다,새로운 시작을 한다
455,그는 다음에 더 조심할 겄다,경계심이 많다,경계한다
456,그는 새 브라우저를 다운로드했다,현대적이다,현대적이다
457,그는 대신 수영을 하러 갔다,활동적이다,활동적이다
458,그는 생일 케이크를 구입했다,기쁘다,달콤하다
459,그는 인증을 받았다,능력이 있다,신뢰할 만하다
460,그는 첫 번째 집을 구입했다,성공적이다,자긍심이 높다
461,그는 다음 날 아침 깨어났다,새로운 시작을 한다,상쾌하다
462,그는 스스로를 지켰다,자신을 소중히 여긴다,강인하다
463,그는 학교에서 놀림을 받았다,상처받은 것 같다,상처받다
464,그는 창문을 깨뜨렸다,화가 난다,위험하다
465,그는 결승선을 통과했다,승리하다,승리하다
466,그는 새로운 보금자리를 찾았다,안정적이다,행복하다
467,그는 결국 찾았다,끈기있다,끈질기다
468,그는 정말 멋졌다,인상적이다,자신감 넘친다
469,그는 곧 도착했다,신속하다,기다려 준다
470,그는 어머니를 찾았다,감동적이다,감동적이다
471,그는 아기의 기저귀를 갈아줬다,부모다,책임감 있다
472,그는 정말 귀여운 녀석였다,사랑스럽다,사랑스럽다
473,그의 몸에 불이 붙었다,위험에 처한 상황이다,절망적이다
474,그는 새 셔츠를 원했다,사치스럽다,꾸미기 좋아한다
475,그는 새 노래를 작곡했다,창의적이다,창의적이다
476,그는 더 빠르게 타이핑을 쳤다,숙련된 타이핑러,열정적이다
477,그는 뭔가에 부딪혔다,어리석다,아프다
478,그는 마침내 열쇠를 찾았다,꼼꼼하다,안도하다
479,그는 셔츠를 벗었다,더워서 셔츠를 벗었다,씩씩하다
480,그는 투어를 시작했다,모험심이 강하다,흥분하다
481,그는 깃발을 꽂았다,자부심이 강하다,자랑스럽다
482,그는 산책을 하고 싶어 했다,평온하다,신선한 공기를 좋아한다
483,그는 장난을 쳤다,유머 감각이 있다,유머러스하다
484,그는 방과 후에 놀았다,게으르다,에너지 넘친다
485,그는 자신의 가치를 결정했다,자신감이 있다,자신감 있다
486,그는 대신 집으로 돌아갔다,실망스럽다,실망하다
487,그는 체중이 증가했다,게으르다,건강에 신경을 쓰지 않다
488,그는 그냥 집에 갔다,평범하다,무관심하다
489,그는 오늘 도착했다,시간을 잘 지킨다,피곤하다
490,그는 어디에서도 그녀를 찾을 수 없었다,실망스럽다,절망적이다
491,그는 학교로 돌아왔다,교육을 중요시한다,피곤하다
492,그는 그녀를 찔렀다,폭력적이다,위협적이다
493,그는 학교에 도착했다,책임감이 있다,책임 있다
494,그는 자신에게 화를 내고 있었다,화가 나다,화나다
495,그는 피자를 주문했다,배고프다,허기지다
496,그는 공을 서브했다,스포츠적이다,운동이 잘 통한다
497,그는 마사지를 받았다,피곤하다,편안하다
498,그는 국기를 게양하고 누가 경례를 하는지 확인했다,군인,군인스럽다
499,그는 리본을 잘랐다,축하받았다,자신감 있다
500,그는 목이 말랐다,갈증이 있다,갈증을 느낀다
501,그는 기분이 더 나빠졌다,우울하다,우울하다
502,그는 어디서든 찾을 수 있었다,유명하다,뛰어나다
503,그는 공연이 끝난 후 그녀를 만났다,로맨틱하다,흥분하다
504,그는 첫 월급을 받았다,기쁘다,기쁘다
505,그는 정말 좋아 보였다,매력적이다,행복하다
506,그는 팔짱을 꼈다,자신감이 있다,확신에 차다
507,그는 친구들과 대화를 나눴다,사교적이다,사교적이다
508,그는 그녀에게 자비를 베푸셨다,관대하다,관대하다
509,그는 더 빠르게 갔다,서둘러야 한다,우직하다
510,그는 새 바지를 입었다,꾸미기를 좋아한다,자신감 있다
511,그는 직접 티켓을 작성했다,자기 주도적이다,능력있다
512,그는 새 직장에 지원했다,새로운 도전을 원한다,열정적이다
513,그는 고양이에게 간식을 줬다,애정이 많다,친근하다
514,그는 야수를 겁을 줘서 쫓아내었다,용감하다,용감하다
515,그는 발가락이 부러졌다,고통을 겪고 있다,아프다
516,그는 자랑을 멈췄다,겸손하다,겸손하다
517,그는 연락이 끊겼다,불안한 상황에 처했다,외롭다
518,그는 자전거를 구입했다,활기차다,즐겁다
519,그는 공을 드리블했다,스포츠적이다,순발력이 뛰어나다
520,그는 더 잘 보게 되었다,시력이 좋아졌다,건강하다
521,그는 아픈 척했다,주의를 끌려고 한다,속이 안 좋다
522,그는 마침내 채용되었다,끈기가 있다,자랑스럽다
523,그는 친구들과 즐거운 시간을 보내고 있었다,사교적이다,행복하다
524,그는 새 직장을 찾았다,적극적이다,희망차다
525,그는 마침내 완성했다,끈기가 있다,자랑스럽다
526,그는 결혼한 지 20년이 되었다,안정적이다,충실하다
527,그도 함께 동승했다,사교적이다,친근하다
528,그는 드레스 쇼핑을 하러 갔다,세련되다,세련되다
529,그는 롤러스케이트를 타러 갔다,활동적이다,유쾌하다
530,그는 큰 소리를 들었다,놀라다,놀라다
531,그는 곧 육지를 봤다,기뻤다,안도하다
532,그는 프레젠테이션을 진행했다,자신감이 있다,자신감 있다
533,그는 함께 식사했다,사교적이다,사교적이다
534,그는 매주 주말마다 갔다,활동적이다,활동적이다
535,그는 바닥에 오줌을 쌌다,부끄럽다,부끄럽다
536,그는 통나무를 떨어뜨렸다,힘이 세다,힘이 세다
537,그는 잠시 숨을 골랐다,피곤하다,피곤하다
538,그는 추수감사절 저녁을 요리했다,관대하다,요리에 능숙하다
539,그는 파이 먹기 대회에 참가했다,배가 고프다,식욕이 왕성하다
540,그는 혀를 깨물었다,긴장되어 있다,아프다
541,그는 그 자리에서 바로 채용했다,자신감이 있다,빠른 판단력을 가지다
542,그는 저녁 식사를 준비했다,요리에 관심이 있다,요리에 열중한다
543,그는 케이크도 먹었다,식욕이 강하다,식욕이 좋다
544,그는 고열이 있었다,아프다,아프다고 보인다
545,그는 너무 다쳤다,취약하다,무력하다
546,그는 스테이크도 먹었다,혹시 채식주의자일까?,고급스럽다
547,그는 이야기를 길게 했다,수다쟁이다,지루하다
548,그는 의상을 제작했다,창의적이다,창의적이다
549,그는 밖에서 소음을 들었다,깜짝 놀랐다,경계한다
550,그는 서핑을 하려고 했다,모험적이다,용감하다
551,그는 오두막을 지었다,창의적이다,솜씨 좋다
552,그는 상사를 고소했다,용감하다,용감하다
553,그는 막 아기를 낳았다,부모다,행복하다
554,그는 자신의 운명을 결정했다,결단력이 있다,결단력 있다
555,그는 파티를 그리워했다,외향적이다,사교적이다
556,그는 휴대폰을 망가뜨렸다,부주의하다,부주의하다
557,그는 파티에 가고 싶어 했다,사교적이다,즐겁다
558,그는 팔에 날카로운 통증을 느꼈다,고통스럽다,고통 받다
559,그는 바닥에 화학 물질을 엎질렀다,실수를 저질렀다,부주의하다
560,그는 허리 통증이 있었다,불편하다,불편해한다
561,그는 거의 맞을 뻔했다,운이 없다,위험하다
562,그는 리얼리티 쇼를 시청했다,현실적이다,현실적이다
563,그는 바이올린을 연주했다,예술적이다,예술적이다
564,그는 기분이 나아지기 시작했다,기쁘다,희망적이다
565,그는 나머지 거리는 걸어서 통학했다,활동적이다,활동적이다
566,그는 피 냄새를 맡았다,역겨워한다,혐오스럽다
567,그는 오일 교환을 받았다,차를 소중히 여긴다,착하다
568,그는 수학 시험을 치렀다,똑똑하다,똑똑하다
569,그는 스스로를 믿고 있었다,자신감이 있다,자신감 넘친다
570,그는 자전거가 정말 필요했다,운동을 좋아한다,탈것이 필요하다
571,그는 파상풍 예방 주사를 맞았다,예방에 신경을 쓴다,신중하다
572,그는 명예로운 전투에 참여했다,용감하다,용감하다
573,그는 발을 까닥거렸다,짜증이 많다,짜증나다
574,그는 어느 날 눈을 떴다,깨어나다,황홀하다
575,그는 병원 진료 예약이 있었다,건강에 신경을 쓴다,건강 관리에 신경쓴다
576,그는 대사를 연습했다,연기자,열심히 일한다
577,그는 방귀를 뀌었다,부끄럽다,부끄럽다
578,그도 몰랐다,놀랐다,당황하다
579,그는 너무 긴장한 것 같았다,긴장한 것 같다,불안하다
580,그는 결혼 반지를 잃어버렸다,슬프다,슬프다
581,그는 이웃과 대화를 나눴다,사교적이다,사교적이다
582,그는 실수로 떨어뜨렸다,어설프다,어색하다
583,그는 비건 채식주의자가 되었다,건강을 중시하다,건강하다
584,그는 그녀의 등을 쓰다듬었다,다정하다,다정하다
585,그는 하와이로 이사했다,휴식을 취하다,행복하다
586,그는 오늘 학교에 갔다,책임감이 있다,열심히 공부한다
587,그는 룸메이트와 마주쳤다,교제가능하다,당황하다
588,그는 하루 종일 빵을 구웠다,근면하다,부지런하다
589,그는 결국 왔다,늦었다,끈질기다
590,그는 주먹을 불끈 쥐었다,분노에 찬 모습이다,분노하다
591,그는 물을 더 많이 마셨다,목마르다,갈증이 심하다
592,그는 보상을 받았다,만족스럽다,기쁘다
593,그는 기침을 많이 했다,아프다,아프거나 불편하다
594,그는 자신감을 얻었다,자신감이 있다,확신 있다
595,그는 사탕을 그만 먹었다,당분을 좋아한다,달콤한 것을 좋아한다
596,그는 드레스가 필요했다,특별한 자리에 갔을 것이다,세련되다
597,그는 카드를 보여줬다,자신의 신분을 증명하려고 한다,솔직하다
598,그는 냉장고를 확인했다,배고프다,배고프다
599,그는 방아쇠를 당겼다,위험하다,위험하다
600,그는 실수로 넘어졌다,어설프다,어설프다
601,그는 수업 준비를 했다,책임감이 있다,열심히 일한다
602,그는 바지 단추를 풀었다,편안하다,편안하다
603,그는 자신을 노출했다,대담하다,용감하다
604,그는 모든 친구들에게 자랑했다,자만심이 강하다,자만심이 강하다
605,그는 말을 탔다,빠르게 이동하다,운이 좋다
606,그는 수박에 줄을 그었다,창의적이다,창의적이다
607,그는 꿈에 그리던 남자를 만나게 되었다,행복해 보인다,만족하다
608,그는 내일 역사 시험이 있었다,긴장되다,불안하다
609,그는 주차 위반 딱지를 받았다,부주의하다,부주의하다
610,그는 일하고 싶지 않아 했다,게으르다,게으르다
611,그는 메시지를 받았다,기쁘다,기쁘다
612,그는 사이렌 소리를 들었다,위험 상황에 처했다,긴장하다
613,그는 넷플릭스를 시청했다,즐거워 보인다,게으르다
614,그는 동물병원에 데려갔다,애완동물을 소중히 여긴다,따뜻하다
615,그는 그의 엄마에게 말했다,어머니를 존경한다,따뜻하다
616,그는 많이 울었다,슬퍼하다,슬프다
617,그는 늙었다,나이가 들었다,경외감을 준다
618,그는 어린 딸이 있었다,부모다,책임감 있다
619,그는 두 손을 모았다,기도한다,진지하다
620,그는 외로움을 덜 느꼈다,만족스럽다,사교적이다
621,그는 낙담했다,실망스럽다,우울하다
622,그는 집을 팔았다,부자다,부유하다
623,그는 병가를 내었다,아프다,아프다
624,그는 새로운 사업을 시작했다,능동적이다,창의적이다
625,그는 폭탄발언을 했다,무모하다,무모하다
626,그는 울타리를 뛰어넘었다,용감하다,용감하다
627,그는 애완용 새를 키우고 있었다,애완동물을 좋아한다,돌본다
628,그는 가장 큰 소리로 비명을 질렀다,극도로 겁에 질린다,공포에 떨고 있다
629,그는 우승 골을 넣었다,경기에서 뛰어난 실력을 보였다,자신감 넘친다
630,그는 모두를 위해 위험을 감수했다,희생적이다,희생적이다
631,그는 자신을 쳐다보고 있었다,자기에게 집중하고 있다,자만심 많다
632,그는 계정을 만들었다,창의적이다,창의적이다
633,그는 새 개를 입양했다,관대하다,관대하다
634,그는 정말 시끄럽었다,괴롭힌다,거슬린다
635,그는 끔찍한 소리를 내었다,고통스럽다,무섭다
636,그는 드디어 왔다,기다렸다,피곤하다
637,그는 힌트를 알려줬다,친절하다,흥미롭다
638,그는 정말 배가 불렀다,식탐이 많다,만족하다
639,그는 장기자랑에서 우승했다,재능이 있다,뛰어나다
640,그는 휴식이 필요했다,피곤해 보인다,피곤하다
641,그는 항상 울었다,우울하다,슬프다
642,그는 샌드위치를 먹고 싶었다,배고프다,배고프다
643,그는 선생님과 이야기를 나눴다,지적이다,지적이다
644,그는 햄버거를 주문했다,식욕이 많다,식탐이 많다
645,그는 슬프게 고개를 흔들었다,슬프다,안타깝다
646,그는 아주 잘 자고 있었다,편안하다,편안하다
647,그는 문이 잠겨 있는 것을 발견했다,좌절했다,낙담하다
648,그는 문이 열리는 소리를 들었다,경계심이 많다,궁금하다
649,그는 투표를 했다,적극적이다,책임감 있다
650,그는 기둥에 부딪혔다,어리석다,어리석다
651,그의 말이 옳은 것처럼 보였다,자신감이 있다,현명하다
652,그는 친구가 필요했다,외로움을 느낀다,외롭다
653,그는 새로운 고객을 확보했다,성공적이다,성공적이다
654,그는 집을 구입했다,부유하다,부유하다
655,그는 낚시를 하거나 미끼를 잘랐다,여유롭다,야외활동을 좋아한다
656,그는 새 모자를 구입했다,유행을 따른다,세련되다
657,그는 시동을 켜었다,차를 운전하려고 한다,운전을 시작하다
658,그는 운전면허 시험에 합격했다,자유로워 보인다,자유롭다
659,그는 헬스장에 가입했다,건강을 중요시한다,건강을 중요시한다
660,그는 자신의 컬렉션을 탐색했다,열정적이다,열정적이다
661,그는 지갑을 챙겼다,신중하다,신중하다
662,그는 제시간에 도착했다,신뢰할 만하다,신뢰할 만하다
663,그는 밤새도록 잠을 잤다,피곤하다,피곤하다
664,그는 이를 악물었다,분노하고 있다,화가 나다
665,그는 1위로 데뷔했다,재능이 있다,자신감 있다
666,그는 방문하고 싶다고 했다,사교적이다,관심이 많다
667,그는 드디어 전화했다,결단력이 있다,결단력 있다
668,그는 광고를 게시했다,홍보에 열중하다,창의적이다
669,그는 울고 싶은 기분였다,슬프다,슬프다
670,그는 스스로를 부끄러워했다,수줍어하는 성격이다,자책한다
671,그는 나머지를 그녀에게 맡겼다,신뢰할 만하다,신뢰할 만하다
672,그는 야채를 더 많이 먹었다,건강하다,건강하다
673,그는 돈을 잊어버렸다,부주의하다,분실한다
674,그는 코스튬 콘테스트에 참가했다,창의적이다,창의적이다
675,그는 자전거를 부쉈다,활동적이다,운동을 좋아한다
676,그는 바지에 똥을 쌌다,부주의하다,창피하다
677,그도 알고 있었다,똑똑하다,날카롭다
678,그는 데이트를 약속했다,로맨틱하다,로맨틱하다
679,그는 예상치 못한 실패를 겪었다,실망하다,실망하다
680,그는 누군가를 만났다,사교적이다,미소를 짓다
681,그는 스케이트 타는 법을 배웠다,새로운 기술을 배우는 것을 좋아한다,민첩하다
682,그는 호흡 곤란이 있었다,건강이 나쁘다,걱정스럽다
683,그는 냄새가 정말 좋았다,청결하다,예민하다
684,그는 대신 결정했다,책임감이 있다,책임감 있다
685,그는 그녀를 바라봤다,사랑에 빠졌다,사랑에 빠지다
686,그는 바구니를 받았다,성실하다,감사하다
687,그는 광고를 보게 되었다,광고에 민감하다,호기심 많다
688,그는 휴대폰을 가져갔다,도둑 같다,탐욕스럽다
689,그는 반지를 발견했다,기쁘다,운이 좋다
690,그는 바로 돌아왔다,빠르다,신속하다
691,그는 새 키보드를 구입했다,현대적이다,현명하다
692,그는 도랑에 추락했다,위험부담을 무시한 경솔하다,불운하다
693,그는 자신의 얼굴을 핥았다,이상하다,이상하다
694,그는 집까지 태워다 줬다,친절하다,친절하다
695,그는 손가락을 찔렀다,아픈 것 같다,아프다
696,그는 벽에 부딪혔다,공격적이다,어리둥절하다
697,그는 그녀를 찾았다,열정적이다,성공하다
698,그는 손을 내밀고 있었다,도움이 필요하다,도와 달라고 한다
699,그는 자신의 어머니를 바라봤다,애정이 넘친다,사랑스럽다
700,그는 바지에 오줌을 쌌다,부끄러워하거나 당황스러운 상황에 처하다,당황하다
701,그는 프로포즈하고 싶어 했다,사랑에 빠졌다,설렌다
702,그는 엄청난 파티를 열었다,사교적이다,활발하다
703,그는 3점슛을 성공시켰다,정확하다,능력있다
704,그는 셔츠에 케첩을 엎질렀다,어설프다,어설프다
705,그는 대신 비디오 게임을 했다,게으르다,게으르다
706,그는 가려운 곳을 긁었다,괴로워하다,괴롭다
707,그는 자녀가 한 명 있었다,부모다,부모답다
708,그는 아침에 일어나 준비를 했다,책임감이 있다,활기차다
709,그는 집에 갈 시간였다,피곤하다,바쁘다
710,그는 주말에는 캠핑을 떠났다,자연을 즐긴다,모험심이 강하다
711,그는 중요한 회의가 있었다,바쁘다,긴장하다
712,그는 제대로 찾아왔다,신중하다,신뢰할 만하다
713,그는 강도를 당했다,불운한 상황에 처했다,불운하다
714,그는 한 시간 늦었다,부주의하다,지각한다
715,그는 새 아이폰을 구입했다,부유하다,현명하다
716,그는 그녀를 흔들어 깨웠다,걱정스럽다,걱정스럽다
717,그는 메일함을 확인했다,호기심이 많다,꼼꼼하다
718,그는 서핑을 좋아했다,모험적이다,용감하다
719,그는 새 시계를 받았다,행운아이다,기쁘다
720,그는 사슴을 쳤다,잔인하다,잔인하다
721,그는 심호흡을 했다,진정되다,진정하다
722,그는 군에 입대했다,헌신적이다,훈련받다
723,그는 좀 나아진 듯 보였다,회복력이 있다,희망적이다
724,그는 나무에 올라갔다,용감하다,용감하다
725,그는 무사히 도착했다,안전을 중요시한다,안도하다
726,그는 선거에 출마했다,야심차다,야심 있다
727,그는 이메일을 찾았다,기억력이 좋다,기쁘다
728,그는 뼈가 부러졌다,고통스럽다,고통받다
729,그는 자신의 팔을 휘둘렀다,화가 났다,화가 난다
730,그는 빨리 왔다,서두르다,민첩하다
731,그는 마이크를 내려놓았다,실망스럽다,자신감 있다
732,그는 친구를 방문했다,사교적이다,사교적이다
733,그는 감염되었다,위험에 노출되었다,아프고 피곤하다
734,그는 캘리포니아로 이사했다,새로운 시작을 원하다,새로운 시작을 한다
735,그는 잠들지 못했다,불안하다,불면증이다
736,그는 거미를 봤다,무서워하다,겁먹다
737,그는 총을 쐈다,위험하다,위험하다
738,그는 열쇠를 받았다,책임감 있다,기쁘다
739,그는 고양이를 입양하고 싶어 했다,애완동물을 좋아한다,사랑스럽다
740,그는 실수로 엎질렀다,어설프다,어설프다
741,그는 거북이를 발견했다,귀엽다,호기심 많다
742,그는 대신 TV를 시청했다,게으르다,게으르다
743,그는 가려움증이 심했다,괴로워 보인다,괴롭다
744,그는 새 셔츠가 필요했다,쇼핑을 좋아한다,단정하다
745,그는 낚시하러 가고 싶어했다,평온하다,평온하다
746,그는 첫 데이트 중였다,긴장되어 있다,긴장하다
747,그는 바위에 부딪혔다,다치다,강인하다
748,그는 학교에 지각했다,부주의하다,부주의하다
749,그는 첫 한입을 먹었다,만족하다,만족하다
750,그는 배가 고파졌다,식욕이 강하다,굶주리다
751,그는 체중이 몇 파운드 줄었다,건강하다,건강하다
752,그는 그 결과 열쇠를 잃어버렸다,난처하다,당황하다
753,그는 문을 두드리는 소리를 들었다,깜짝 놀랐다,궁금하다
754,그는 친구들이 그립었다,사교적이다,외롭다
755,그는 칭찬을 많이 받았다,자신감이 있다,자랑스럽다
756,그는 반려견을 애견 공원에 데리고 갔다,애완동물을 좋아한다,책임감 있다
757,그는 저녁 식사를 위해 만났다,사교적이다,기쁘다
758,그는 그가 가장 좋아하는 밴드를 봤다,흥분했다,행복하다
759,그는 몇 시간이 걸렸다,인내심이 있다,인내심 있다
760,그는 적을 죽였다,폭력적이다,무자비하다
761,그는 슛을 성공시켰다,자신감이 넘친다,자신감 넘친다
762,그는 고양이를 찾았다,기쁘다,친근하다
763,그는 잠자리에 들 준비를 했다,피곤하다,피곤하다
764,그는 기타를 구입했다,음악에 관심이 많다,음악을 좋아한다
765,그는 기분이 조금 나아졌다,안도하다,안도하다
766,그는 가슴을 움켜쥐었다,절망적이다,두렵다
767,그는 전화를 받았다,바쁘다,기쁘다
768,그는 한 시간 거리에 있었다,가까이 있다,조급하다
769,그는 배변을 보러 갔다,보통 사람이다,급하다
770,그는 이마를 찡그렸다,걱정스럽다,걱정스럽다
771,그는 재채기를 많이 했다,알레르기가 있다,알레르기가 있다
772,그는 첫 문신을 새겼다,대담하다,대담하다
773,그는 드디어 옷을 찾았다,기뻐하다,안도하다
774,그는 공을 튕겼다,활동적이다,활기차다
775,그는 큰 소리가 들렸다,주의 깊지 않다,놀라다
776,그는 미끄러져 넘어졌다,서투르다,서투르다
777,그는 그 결과 지갑을 잃어버렸다,부주의하다,답답하다
778,그는 새 게임을 구입했다,게임 중독이다,즐겁다
779,그는 나머지를 저장했다,절약하다,절약한다
780,그는 일정을 변경했다,유연하다,융통성 있다
781,그는 트롬본을 연주했다,음악적 재능을 가지다,흥겹다
782,그는 번지점프를 하러 갔다,대담하다,대담하다
783,그는 운동량을 늘렸다,건강하다,건강하다
784,그는 그녀에게 휴가를 줬다,관대하다,관대하다
785,그는 다니던 직장을 그만뒀다,결단력이 있다,변화를 추구한다
786,그는 그녀와 같은 냄새가 났다,친밀한 관계에 있다,깨끗하다
787,그는 드디어 만났다,기쁘다,행복하다
788,그는 어느 날 집에 돌아왔다,피곤해 보인다,피곤하다
789,그는 그녀에게 손을 내밀었다,친절하다,친절하다
790,그는 두통이 심했다,고통을 겪고 있다,고통받다
791,그는 사인을 받았다,유명해졌다,자랑스럽다
792,그는 가까워지고 있었다,친근하다,친밀하다
793,그는 케이크를 굽고 싶어 했다,요리를 좋아한다,달콤하다
794,그는 기침이 심했다,아프다,아픈다
795,그는 새 친구가 생겼다,사교적이다,행복하다
796,그는 새 시계를 구입했다,소비적이다,부유하다
797,그는 화장실을 이용했다,일상적이다,깔끔하다
798,그는 기차를 놓쳤다,당황스러워 보인다,실망하다
799,그는 정말 수줍음이 많았다,내성적이다,내성적이다
800,그는 드디어 임신했다,기쁘다,기쁘다
801,그는 볼링을 치러 갔다,활동적이다,즐겁다
802,그는 팀에 합류했다,사회적이다,적극적이다
803,그는 수표를 입금했다,부유하다,부자
804,그는 결승에 진출했다,우승을 향해 나아가고 있다,경쟁적이다
805,그는 데이트를 취소했다,무심하다,실망스럽다
806,그는 에세이를 써야 했다,창의적이다,창의적이다
807,그의 차례가 돌아왔다,기다림이 참을성 있다,긴장하다
808,그는 다음 날 깨어났다,새로운 시작을 하다,상쾌하다
809,그는 학교를 다니기 시작했다,교육을 중요하게 생각한다,열정적이다
810,그는 화살을 쐈다,용감하다,숙달되다
811,그는 스스로를 격려했다,자책하다,자책한다
812,그는 팔에 화상을 입었다,조심스럽다,아프다
813,그는 가라데를 배우고 싶어했다,열정적이다,열정적이다
814,그는 능력을 잃었다,무력하다,무기력하다
815,그는 머리를 맞았다,다친 것 같다,혼란스럽다
816,그는 게임을 제안했다,경쟁심이 강하다,즐겁다
817,그는 브로드웨이 공연을 보러 갔다,예술을 즐기다,예술적이다
818,그는 최근에 이사했다,새로운 시작을 원한다,새로운 시작을 한다
819,그는 임신 테스트를 받았다,불안하다,불안하다
820,그는 주차장에서 열쇠를 찾았다,분실을 했다,당황하다
821,그는 기타를 조율했다,예술적이다,음악에 능숙하다
822,그는 그녀에게 매우 화가 났다,화를 내다,짜증나다
823,그는 너무 화가 났다,격분한 모습,화나다
824,그는 어제 집에 돌아왔다,피곤하다,피곤하다
825,그는 금메달을 획득했다,우수하다,자랑스럽다
826,그는 스스로에게 매우 친절했다,자기를 사랑스럽게 여긴다,자비롭다
827,그는 오늘 기분이 나아졌다,기쁘다,즐겁다
828,그는 하키를 하고 싶어 했다,활동적이다,활동적이다
829,그는 낮잠을 자고 있었다,피곤하다,피곤하다
830,그는 케이크를 주문했다,달콤한 것을 좋아한다,달콤하다
831,그는 옷이 필요했다,결핍 상태에 있다,쇼핑을 좋아한다
832,그는 나중에 다시 돌아왔다,끈기가 있다,변화되다
833,그는 드디어 착륙했다,안도하다,안도하다
834,그는 알람을 설정하는 것을 잊어버렸다,부주의하다,부주의하다
835,그는 총을 조준했다,위협적이다,위협적이다
836,그는 물렸다,패배자,좌절하다
837,그는 일자리를 찾을 수 없었다,무력하다,불안하다
838,그는 장미 냄새가 났다,로맨틱하다,로맨틱하다
839,그는 번호를 변경했다,은폐하려고 한다,의심스럽다
840,그는 공을 쫓아갔다,활동적이다,활동적이다
841,그는 사진을 찍으며 치즈라고 했다,즐거워 보인다,쾌활하다
842,그는 몸에서 덩어리가 만져졌다,민감하다,민감하다
843,그는 하이킹을 시작했다,활동적이다,활기차다
844,그는 학교에 지각하고 있었다,부주의하다,부주의하다
845,그는 잠을 잘 못 자고 있었다,피곤하다,피곤하다
846,그는 잭팟을 터뜨렸다,운이 좋다,운이 좋다
847,그는 자신의 경험을 공유했다,친근하다,지혜롭다
848,그는 밖에서 놀고 있었다,활동적이다,즐겁다
849,그는 수업 시간에 잠이 들었다,피곤한 것 같다,피곤하다
850,그는 뉴욕에서 방문했다,여행을 즐긴다,여행을 좋아한다
851,그는 새 바지를 구입했다,새로운 것을 좋아한다,자신있다
852,그는 램프 냄새를 맡았다,호기심이 많다,이상하다
853,그는 여동생을 만났다,가족을 소중히 여긴다,행복하다
854,그는 주차된 차량에 부딪혔다,운이 나쁘다,책임 있다
855,그는 수다를 떨며 시간을 보내었다,사교적이다,사교적이다
856,그는 결국 떠났다,결단력이 있다,실망하다
857,그는 고통에 비명을 질렀다,고통스럽다,고통스럽다
858,그는 코피를 흘렸다,부주의하다,졸리다
859,그는 아이스크림이 있었다,기쁘다,달콤하다
860,그는 소원을 빌었다,소망이 있다,열망한다
861,그는 고등학교 졸업을 앞두고 있었다,미래가 기대된다,미래에 대한 기대가 크다
862,그는 개를 입양했다,관대하다,관대하다
863,그는 걱정없이 잤다,평온하다,평온하다
864,그는 안경을 깨뜨렸다,조심성이 없다,어질러지다
865,그는 뿌린 대로 거뒀다,일관성이 있다,정직하다
866,그는 손에 피가 묻어 있었다,폭력적,위험하다
867,그는 귀를 뚫었다,대담하다,용감하다
868,그는 여러 친구를 초대했다,사교적이다,활발하다
869,그는 지루함을 느꼈다,지루하다,심심하다
870,그는 바스락거리는 소리를 들었다,경계심이 많다,경계한다
871,그는 화장실에 다녀와야 했다,급하다,급하다
872,그는 악어를 봤다,놀랍다,겁쟁이
873,그는 무서운 영화를 보고 싶어 했다,호기심이 많다,호기심 많다
874,그는 빨간 신호등에 멈췄다,규칙을 준수한다,안전을 중요시한다
875,그는 그녀의 눈을 바라봤다,로맨틱하다,로맨틱하다
876,그는 수영장 파티에 초대했다,사교적이다,즐겁다
877,그는 공부하는 것을 잊어버렸다,부주의하다,부주의하다
878,그는 이제 막 대학을 졸업했다,미래가 기대된다,자신감 넘친다
879,그는 자신의 개인 기록을 경신했다,자부심이 강하다,자부심 있다
880,그는 배관공에게 전화했다,배관공과 관련이 있다,관리를 잘한다
881,그는 그녀의 피를 마셨다,끔찍하다,충격적이다
882,그는 중고차를 구입했다,절약적이다,저렴하다
883,그는 더 많은 비용을 절약했다,현명하다,현명하다
884,그는 쇼핑몰에 가고 싶어 했다,소비에 관심이 많다,소비욕이 강하다
885,그는 배가 아팠다,아프다,불쌍하다
886,그는 숨이 막히기 시작했다,위급한 상황에 처했다,절망적이다
887,그는 출장 중였다,바쁘다,바쁘다
888,그는 아빠와 공놀이를 했다,아버지다,유쾌하다
889,그는 새 강아지를 살았다,애정이 많다,따뜻하다
890,그는 새 충전기를 구입했다,현명하다,현명하다
891,그는 튜토리얼을 시청했다,학습에 열정적이다,효율적이다
892,그는 침대 밑을 확인했다,꾸준하다,궁금하다
893,그는 아르바이트를 구했다,노력한다,근면하다
894,그는 피를 많이 흘렸다,용감하다,상처 입다
895,그는 케이지를 청소했다,근면하다,꼼꼼하다
896,그는 학교생활에 문제가 있었다,문제아,괴롭다
897,그는 웨이터에게 말했다,서비스에 만족했다,예의바르다
898,그는 새 물고기를 살았다,책임감이 있다,돌본다
899,그는 새끼를 낳았다,부모다,자랑스럽다
900,그는 그래도 돈이 있었다,부유하다,부유하다
901,그는 투표하고 싶어 했다,시민의식이 있다,책임감 있다
902,그는 커피를 마셔봤다,호기심이 많다,깨어있다
903,그는 대출을 신청했다,돈이 필요하다,돈이 필요하다
904,그는 새 장난감을 살았다,아이 같다,유쾌하다
905,그는 총에 맞았다,위험에 처한 상황이다,위험하다
906,그는 친구에게 도움을 요청했다,친절하다,어리석다
907,그는 끔찍한 냄새가 났다,몹시 방심하다,방심하다
908,그는 쇼핑을 좋아했다,소비욕이 강하다,사치스럽다
909,그는 종교를 바꿨다,개종했다,변화를 추구한다
910,그는 냉장고에서 곰팡이를 발견했다,염증이 있다,염려스럽다
911,그는 심장 질환이 있었다,건강이 나쁘다,쇼크되다
912,그는 새로운 친구를 사귀게 되었다,사교적이다,활발하다
913,그는 파울을 범했다,공격적이다,후회한다
914,그는 티켓을 예약했다,여행을 계획하고 있다,휴가를 기다린다
915,그는 그녀를 깨웠다,섬세하다,친절하다
916,그는 남편과 함께 살고 있었다,결혼하다,행복하다
917,그는 공을 놓쳤다,부주의하다,어설프다
918,그는 더 많은 친구를 사귀게 되었다,사교적이다,사교적이다
919,그는 아이스크림을 먹었다,즐거워 보인다,달콤하다
920,그는 샌드위치를 내려놓았다,배고프다,삼순이
921,그는 아기를 먹였다,독신 아버지다,자상하다
922,그는 간식을 받았다,기쁘다,기쁘다
923,그는 좋아할 것 같았다,호감이 많다,호감이 간다
924,그는 구매를 완료했다,만족스럽다,만족하다
925,그는 제 차를 주차해줬다,친절하다,친절하다
926,그는 성적이 향상되었다,노력한다,노력한다
927,그는 계산원에게 물었다,호기심이 많다,호기심 많다
928,그는 새 학교로 전학을 갔다,새로운 시작을 하고 있다,긴장하다
929,그는 종이 비행기를 만들었다,창의적이다,창의적이다
930,그는 병원에 가야 했다,아픈 것 같다,아프거나 다치다
931,그는 머리 색깔을 바꿨다,변화를 원한다,변화를 추구한다
932,그는 강아지에게 스팟이라는 이름을 붙였다,창의적이다,창의적이다
933,그는 첫 아기가 태어날 예정였다,설레다,설렌다
934,그는 어디든 갈 수 있었다,자유롭다,자유롭다
935,그는 짖기 시작했다,화가 난다,화를 낸다
936,그는 뇌졸중으로 쓰러졌다,위험에 처한 상황이다,위험하다
937,그는 정말 많이 아팠다,무력하다,불쌍하다
938,그는 배불러 했다,만족한 모습이다,만족하다
939,그는 충돌 소리가 들렸다,놀랍다,놀라다
940,그는 펑크 난 타이어를 고쳤다,유능하다,훌륭하다
941,그는 직장에 지각했다,부주의하다,부주의하다
942,그는 잠을 더 잘 잤다,피곤하다,피곤하다
943,그는 더 잘 봤다,눈이 좋다,예민하다
944,그는 새 재킷이 필요했다,쇼핑을 좋아한다,스타일리시하다
945,그는 학교로 향했다,교육을 중요시한다,열심히 공부한다
946,그는 임신 테스트기를 구입했다,불안하다,놀라다
947,그는 알겠다고 했다,협조적이다,이해한다
948,그는 어젯밤에 왔다,늦게 온다,피곤하다
949,그는 그녀에게 다른 것을 줬다,관대하다,관대하다
950,그는 학교를 정학했다,열정적이다,열심히 한다
951,그는 아이패드를 받았다,기뻐하다,행복하다
952,그는 고등학교에 다니고 있었다,젊다,젊다
953,그는 토너먼트에서 우승했다,경쟁적이다,뛰어나다
954,그는 집에 전화했다,사려 깊다,사교적이다
955,그는 음주 운전을 했다,무책임하다,무책임하다
956,그는 파울볼을 잡았다,운동 실력이 뛰어나다,숙련되다
957,그는 결국 질문했다,호기심이 많다,궁금하다
958,그는 내 발목을 비틀었다,강약이 있다,나쁘다
959,그는 새로운 언어를 배웠다,능력이 있다,지적이다
960,그는 주의가 산만해졌다,집중력이 부족하다,집중력이 떨어진다
961,그는 그날 밤 잠이 들었다,피곤하다,피곤하다
962,그는 임신을 했다,예상치 못한 상황에 처했다,행복하다
963,그는 문자 메시지를 보내었다,소통을 중요시하다,사교적이다
964,그는 급여를 인상받았다,만족스럽다,기쁘다
965,그는 새 것처럼 보였다,활기차다,활기차다
966,그는 영화 보는 것을 좋아했다,즐거워하다,즐겁다
967,그는 상자를 떨어뜨렸다,서투르다,조심하지 않다
968,그는 애완견이 있었다,애완동물을 좋아한다,애정 어리다
969,그는 휴대폰을 떨어뜨렸다,부주의하다,흥분하다
970,그는 어두워지고 있었다,우울하다,우울하다
971,그는 새로운 친구를 많이 사귀게 되었다,사교적이다,사교적이다
972,그는 새 강아지가 생겼다,행복해 보인다,행복하다
973,그는 TV를 보고 싶어했다,지루하다,지루하다
974,그는 반지를 돌려줬다,후회한다,관대하다
975,그는 더 좋아 보였다,매력적,행복하다
976,그는 자전거를 들고 있었다,활동적이다,활기차다
977,그는 생각이 많았다,깊이 있다,깊다
978,그는 아팠다,연약하다,피곤하다
979,그는 동물원에 가고 싶어 했다,자연을 좋아한다,자연을 사랑한다
980,그는 내슈빌로 이사했다,새로운 시작을 원한다,새로운 시작을 한다
981,그는 그녀에게 개요를 설명했다,설명을 잘한다,명확하다
982,그는 모든 친구를 만났다,사교적이다,사교적이다
983,그는 그녀의 손을 잡았다,로맨틱하다,로맨틱하다
984,그는 땀에 흠뻑 젖어 있었다,피곤해 보인다,피곤하다
985,그는 드디어 완주했다,끈기가 있다,끈기 있다
986,그는 야옹이에게 야옹거렸다,귀엽다,사랑스럽다
987,그는 예산이 빠듯한 상황였다,경제적으로 어려움을 겪고 있다,괴롭다
988,그는 자판기에 돈을 넣었다,목마르다,목마르다
989,그는 연습이 필요했다,미숙하다,서투르다
990,그는 수동으로 고쳐야만 했다,손재주가 좋다,손재주가 좋다
991,그는 그날 밤 케이크를 만들었다,요리에 흥미가 있다,요리에 능숙하다
992,그는 자신의 사생활을 보호했다,사생활을 중시한다,비밀스럽다
993,그는 기다릴 만한 가치가 있었다,중요하다,중요하다
994,그는 조부모님께 전화했다,예의바르다,예의바르다
995,그는 최근에 방문했다,관심이 많다,피곤하다
996,그는 함께 저녁을 먹었다,사교적이다,사교적이다
997,그는 어떤 일이 일어날지 알고 있었다,예지력이 있다,경계심 많다
998,그는 그녀의 아랫입술을 깨물었다,충동적이다,충동적이다
999,그는 일하고 있었다,부지런하다,부지런하다
1000,그는 체스 클럽에 가입했다,전략적이다,전략적이다
1001,그는 부모님과 대화를 나눴다,가정적이다,가정적이다
1002,그는 골똘히 생각했다,현명하다,현명하다
1003,그는 새 학교로 전학해야 했다,불안하다,불안하다
1004,그는 파티에 초대했다,사교적이다,사교적이다
1005,그는 어두워지기 시작했다,우울하다,우울하다
1006,그는 그녀에게 뇌물을 줬다,부패하다,부패하다
1007,그는 학교에 필요한 물품을 구했다,책임감이 있다,신중하다
1008,그는 차에 부딪혔다,운이 나쁘다,놀라다
1009,그는 매니저로 승진했다,능력이 있다,책임감 있다
1010,그는 수축을 느꼈다,걱정스럽다,아프다고 보인다
1011,그는 학교에서 남을 괴롭혔다,나쁘다,나쁘다
1012,그는 지금 집에 가는 중였다,평범한 사람이다,피곤하다
1013,그는 집에 도착했다,안전하다,피곤하다
1014,그는 울기 시작했다,슬프다,슬프다
1015,그는 학교에 다니고 있었다,교육을 받고 있다,열심히 공부한다
1016,그는 한 입 크게 물었다,목마르다,배고프다
1017,그는 자신이 가장 좋아하는 것을 골랐다,결단력이 있다,만족하다
1018,그는 우유를 잊어버렸다,부주의하다,부주의하다
1019,그는 이상한 냄새가 났다,의심스럽다,의심스럽다
1020,그는 병가를 내야 했다,아프다,아프다
1021,그는 가입하고 싶어 했다,참여하고 싶다,열망한다
1022,그는 좋은 냄새가 났다,청결하다,깨끗하다
1023,그는 자신의 신발을 찾을 수 없었다,당황스럽다,당황하다
1024,그는 새로운 개를 살았다,새로운 책임이 생겼다,관대하다
1025,그는 서핑을 하러 갔다,모험적이다,용감하다
1026,그는 기타를 연주했다,재능이 있다,재능 있다
1027,그는 밑바닥에서 영웅으로 거듭났다,변화무쌍하다,용감하다
1028,그는 수학 숙제를 했다,열심히 한다,열심히 한다
1029,그는 비밀을 지켰다,신뢰할 만하다,신뢰할 만하다
1030,그는 매일 밤 울었다,슬프다,슬프다
1031,그는 성적이 올랐다,노력한다,더 열심히 공부한다
1032,그는 총을 가져왔다,위험하다,위협적이다
1033,그의 아기가 태어날 예정였다,기쁘다,설렌다
1034,그는 오늘 결혼했다,행복하다,행복하다
1035,그는 새 안경이 필요했다,시력이 나빠 보인다,시력이 나빠 보인다
1036,그는 피자를 먹고 싶어했다,배가 고프다,허기지다
1037,그는 하루 종일 잠만 잤다,나른하다,나른하다
1038,그는 퀴즈에 실패했다,실망스럽다,풀어지지 않다
1039,그는 학교 공부도 더 잘했다,똑똑하다,똑똑하다
1040,그는 이제 막 운전면허를 취득했다,미숙하다,흥분하다
1041,그는 그녀에게 고개를 절레절레 흔들었다,공손하다,공손하다
1042,그는 트럭에서 떨어졌다,위험하다,다치다
1043,그는 스트레스를 줄였다,안정적이다,평온하다
1044,그는 티끌만큼 신경을 썼다,꼼꼼하다,꼼꼼하다
1045,그는 새 학교를 시작했다,새로운 시작을 했다,긴장하다
1046,그는 시간이 충분했다,여유롭다,여유롭다
1047,그는 자신만의 방식이 있었다,독창적이다,독특하다
1048,그는 그녀를 봤다,감동을 받았다,호기심 많다
1049,그는 예기치 않게 곤경에 처했다,불운을 겪고 있다,불운하다
1050,그는 시도했다,노력한다,노력한다
1051,그는 자동차에 부딪혔다,사고를 당했다,불운하다
1052,그는 너무 행복해 보였다,기쁨에 넘쳐 보인다,만족하다
1053,그는 헬스장 가는 것을 그만뒀다,게을러졌다,게으르다
1054,그는 한 남자를 만났다,사교적이다,호감이 간다
1055,그는 수업을 잘못 들었다,혼란스럽다,어리석다
1056,그는 그 결과 직불 카드를 분실했다,부주의하다,부주의하다
1057,그는 울음을 그치지 않았다,슬프다,슬프다
1058,그는 맛있다고 생각했다,식도락가이다,만족하다
1059,그는 요새를 건설했다,강력하다,적극적이다
1060,그는 다음 날 도착했다,지연되었다,지각하다
1061,그는 자외선 차단제를 잊어버렸다,부주의하다,부주의하다
1062,그는 방금 집에 도착했다,피곤하다,피곤하다
1063,그는 크리스마스 파티가 있었다,사교적이다,즐겁다
1064,그는 염색을 하고 싶어 했다,변화를 원한다,변화를 원한다
1065,그는 그녀에게 미소를 지었다,친절하다,상냥하다
1066,그는 아기에게 선물을 줬다,친절하다,친절하다
1067,그는 어쨌든 운전을 했다,무책임하다,책임감 있다
1068,그는 데이트를 시작했다,로맨틱하다,흥분하다
1069,그는 문자를 받았다,흥분했다,기쁘다
1070,그는 그녀에게 돈을 줬다,관대하다,관대하다
1071,그는 병원에 가고 싶어 했다,아픈 것 같다,아프다
1072,그는 그것을 수의사에게 데려갔다,동물을 사랑한다,배려심 있다
1073,그는 목걸이를 찾았다,기뻐하다,기뻐한다
1074,그는 아기처럼 잠을 잤다,순수하다,순진하다
1075,그는 웨이트리스로 일하고 있었다,노동자다,근면하다
1076,그는 천천히 입꼬리를 위로 올렸다,만족한 모습,만족하다
1077,그는 손을 흔들었다,인사를 하고 있다,인사를 잘한다
1078,그는 집안 곳곳을 샅샅이 뒤졌다,교묘하다,꼼꼼하다
1079,그는 좋아 보였다,매력적이다,친근하다
1080,그는 할로윈 파티가 있었다,즐거운 분위기를 좋아한다,즐겁다
1081,그는 음식에 질식했다,식탐이 강하다,고통받다
1082,그는 일을 벌렸다,적극적이다,활발하다
1083,그는 수영 팀에 합류했다,활동적이다,활동적이다
1084,그는 질투를 했다,불안정하다,불만족스럽다
1085,그는 욕을 쓰는 것에 대해 양해를 구했다,사과하는 태도를 보였다,사과한다
1086,그는 소변을 보러 갔다,보통 사람이다,자유롭다
1087,그는 인터뷰 요청 전화를 받았다,인기 있다,유명하다
1088,그는 눈을 여러 번 깜빡였다,혼란스럽다,피곤하다
1089,그는 상사로부터 전화를 받았다,중요하다,바쁘다
1090,그는 마침내 우유를 찾았다,안도하다,만족하다
1091,그는 누군가의 목소리를 들었다,의심스럽다,궁금하다
1092,그는 해파리에 쏘였다,아픕니다,아프다
1093,그는 촛불을 들고 있었다,집회에 참가하고 있다,로맨틱하다
1094,그는 그녀가 웃자 절뚝거렸다,당황스럽다,부끄럽다
1095,그는 고양이를 데려왔다,애완동물을 좋아한다,애정 어리다
1096,그는 하이킹을 좋아했다,모험심이 강하다,모험적이다
1097,그는 그녀의 눈을 찔렀다,호기심이 많다,무례하다
1098,그는 그녀의 입술을 만졌다,로맨틱하다,로맨틱하다
1099,그는 대학에 재학 중였다,교육을 받고 있다,열정적이다
1100,그는 화염에 휩싸였다,위험에 노출되었다,절망적이다
1101,그는 간발의 차이로 승리했다,운이 좋다,운이 좋다
1102,그는 그녀를 향해 윽박질렀다,화를 내고 있다,화나다
1103,그는 정말 재미있어 했다,유쾌하다,유쾌하다
1104,그는 몇 시간동안 울었다,슬프다,슬프다
1105,그는 공을 회수했다,민첩하다,활동적이다
1106,그는 티켓을 구매했다,여행을 좋아한다,행복하다
1107,그는 최근에 졸업했다,학업을 성공적으로 마쳤다,자랑스럽다
1108,그는 공중전화를 찾았다,필요하다,필요하다
1109,그는 회복이 빨랐다,건강하다,건강하다
1110,그는 해병대에 입대했다,용감하다,용감하다
1111,그는 잠깐 낮잠을 자고 있었다,피곤해 보인다,피곤하다
1112,그는 프로 농구를 하고 있었다,경쟁적이다,운동선수 같다
1113,그는 쇼핑몰에서 쇼핑을 하러 갔다,소비에 관심이 많다,사치스럽다
1114,그는 그녀의 입술을 느꼈다,로맨틱하다,로맨틱하다
1115,그는 인색했다,인색하다,욕심 많다
1116,그는 처음에는 무서워했다,겁쟁이다,겁쟁이
1117,그는 곰을 겁줘서 쫓아내었다,용감하다,용감하다
1118,그는 은행 계좌를 확인했다,신중하다,걱정스럽다
1119,그는 그녀의 일거수일투족을 감시했다,의심스럽다,의심스럽다
1120,그는 새 직장에 취직했다,새로운 도전을 좋아한다,흥분하다
1121,그는 댓글을 남겼다,관심이 많다,사교적이다
1122,그는 사람들을 돕는 것을 좋아했다,친절하다,친절하다
1123,그는 여전히 아팠다,아픔을 견디다,피곤하다
1124,그는 반려견을 키우고 있었다,애완동물을 좋아한다,애완 동물을 사랑한다
1125,그는 새끼 고양이를 입양했다,애정 어린 사람이다,책임감 있다
1126,그는 물을 엎질렀다,어설프다,어설프다
1127,그는 첫 아이를 앞두고 있었다,설레다,흥분하다
1128,그는 학교까지 걸어가야 했다,피곤하다,피곤하다
1129,그의 주장이 옳았다,올바르고 논리적이다,현명하다
1130,그는 수영장에 수영을 하러 갔다,수영을 좋아한다,활기차다
1131,그는 수표를 현금화했다,급한 돈이 필요하다,부유하다
1132,그는 앱을 다운로드했다,현대적이다,현대적이다
1133,그는 공을 차고 있었다,활동적이다,활동적이다
1134,그는 차트를 자세히 설명했다,명확하다,전문가 같다
1135,그는 곧 올 것였다,기대되는 사람이다,기대된다
1136,그는 좋은 사람처럼 보였다,친절하다,친절하다
1137,그는 잠을 많이 잤다,피곤하다,게으르다
1138,그는 긴장을 풀고 있었다,안도하고 있다,여유롭다
1139,그는 맛이 끔찍했다,싫증나다,실망하다
1140,그는 클레임을 제기했다,불만이 많다,불만스럽다
1141,그는 자신을 위해 기도했다,신앙심이 깊다,독실하다
1142,그는 첫 경기를 치렀다,신경이 예민하다,긴장하다
1143,그는 너구리를 봤다,귀엽다,호기심 많다
1144,그는 함께 모였다,사교적이다,사교적이다
1145,그는 냄새가 너무 심했다,불쾌하다,낭비한다
1146,그는 간신히 살아 남았다,운이 없다,운이 좋다
1147,그는 귀를 아래로 내리고 있었다,흥분하고 있었다,부끄럽다
1148,그는 탯줄을 잘랐다,독립적이다,독립적이다
1149,그는 역사에 대해 배웠다,지식이 풍부하다,지식 있다
1150,그는 타이어가 펑크 났다,깜짝 놀랐다,당황하다
1151,그는 손을 심하게 다쳤다,고통을 겪고 있다,고통스럽다
1152,그는 마침내 모자를 찾았다,다행했다,안도하다
1153,그는 자신의 삶을 만들어갔다,자립적이다,자립적이다
1154,그는 자신의 맥박을 느꼈다,몸 상태를 주의 깊게 살펴본다,살아있다
1155,그는 노트북을 구입했다,현대적이다,현명하다
1156,그는 다리를 다쳤다,다친 모습이다,아프다
1157,그는 하루 종일 먹었다,배고프다,배고프다
1158,그는 여행 가방을 챙겼다,여행을 간다,여행을 좋아한다
1159,그는 체중이 늘었다,무기력하다,건강에 신경을 쓰지 않다
1160,그는 점점 나아지고 있었다,희망적이다,성숙하다
1161,그는 잃어버린 개를 찾았다,동정심이 있다,친절하다
1162,그는 전화를 걸고 있었다,연락을 취하는 중이다,바쁘다
1163,그는 삼촌을 찾아갔다,가족을 소중히 여긴다,친근하다
1164,그는 노래방에서 노래를 불렀다,즐거워 보인다,재미있다
1165,그는 친구를 초대했다,사교적이다,사교적이다
1166,그는 스스로를 점검했다,꼼꼼하다,꼼꼼하다
1167,그는 친구와 대화를 나눴다,사교적이다,사교적이다
1168,그는 소다를 엎질렀다,어설프다,어설프다
1169,그는 숙면을 취했다,편안하다,피곤하다
1170,그는 화장실에 가야 했다,급하다,급하다
1171,그는 스테이크를 주문했다,고기를 좋아한다,고급스럽다
1172,그는 자신에 대한 여유가 있었다,자신감이 있다,자신감 있다
1173,그는 정말 재미있게 놀았다,즐겁다,즐겁다
1174,그는 커튼에 불을 붙였다,무책임하다,부주의하다
1175,그는 준비 중였다,열정적이다,집중되다
1176,그는 수학 수업에서 낙제했다,실망스럽다,실망하다
1177,그는 결국 구해내었다,용감하다,용감하다
1178,그는 터치다운을 기록했다,운동 신경이 뛰어나다,자랑스럽다
1179,그는 어디서부터 시작해야 할지 잘 알고 있었다,적극적이다,결단력 있다
1180,그는 잠을 못 잤다,피곤하다,피곤하다
1181,그는 두려움을 극복했다,용감하다,용감하다
1182,그는 학교에 가져갈 연필을 구했다,필요를 잘 알고 있다,책임감 있다
1183,그는 계속 울었다,슬프다,슬프다
1184,그는 밤새도록 울었다,절망적이다,안타깝다
1185,그는 가장 친한 친구가 있었다,사교적이다,사교적이다
1186,그는 택시를 불렀다,신중하다,서둘러야 한다
1187,그는 시험 도중 잠이 들었다,피곤하다,피곤하다
1188,그는 친구에게 물어봤다,호기심이 많다,궁금하다
1189,그는 반지를 구입했다,사랑에 빠졌다,사치스럽다
1190,그는 나오는대로 시끄럽게 이야기했다,소란스럽다,거만하다
1191,그는 그녀도 데려갔다,관대하다,관대하다
1192,그는 그의 부모님이 그리워했다,사랑스럽다,사랑스럽다
1193,그는 환불을 요청했다,불만족스럽다,신중하다
1194,그는 친구에게 선물했다,관대하다,관대하다
1195,그는 남동생에게 물었다,관심이 많다,이해심 깊다
1196,그는 냄새가 너무 좋았다,향기로웠다,예민하다
1197,그는 신용카드를 사용했다,소비가 많다,소비적이다
1198,그는 버튼을 눌렀다,호기심 많다,궁금하다
1199,그는 안식일을 어겼다,무례하다,경솔하다
1200,그는 건강에 좋은 음식을 더 많이 먹었다,건강을 중요시한다,건강하다
1201,그도 케이크를 먹고 있었다,즐거워 보인다,달콤하다
1202,그는 시대에 뒤떨어진 일을 했다,보수적이다,보수적이다
1203,그는 함께 영화를 봤다,친밀하다,사교적이다
1204,그는 심지어 고용도 했다,관대하다,관대하다
1205,그는 좋아하는 동물 인형이 있었다,어린이 같다,애착있다
1206,그는 기분이 좋아지기 시작했다,기쁘다,행복하다
1207,그는 대학에 입학했다,똑똑하다,미래를 준비한다
1208,그는 투표함에 투표용지를 넣었다,시민적 의무를 다한다,책임감 있다
1209,그는 그녀를 어디서나 찾을 수 있었다,집착적이다,끈기 있다
1210,그는 길거리에서 지갑을 발견했다,선량하다,선량하다
1211,그는 마시멜로를 구웠다,창의적이다,쾌활하다
1212,그는 수영장 파티가 있었다,사교적이다,즐겁다
1213,그는 어쨌든 달렸다,끈기가 있다,끈기 있다
1214,그는 첫 키스를 받았다,흥분했다,행복하다
1215,그는 입에 화상을 입었다,조심하지 않다,아프다
1216,그는 골을 넣었다,승리자다,자신감 넘친다
1217,그는 그녀의 혀를 깨물었다,공격적이다,공격적이다
1218,그는 권리를 침해했다,무례하다,불공정하다
1219,그는 따뜻함을 유지했다,따뜻하다,친근하다
1220,그는 갑자기 쓰러졌다,위급한 상황에 처했다,위급하다
1221,그는 홈런을 쳤다,자신감이 넘친다,자신감 넘친다
1222,그는 두 다리가 부러졌다,다친 상태이다,불행하다
1223,그는 1년 후 결혼을 했다,사랑에 빠르다,행복하다
1224,그는 매우 아파졌다,고통스럽다,힘없다
1225,그는 TV를 시청했다,게으르다,게으르다
1226,그는 수업을 시작했다,교육적이다,지식 있다
1227,그는 택시를 호출했다,이동하려고 한다,긴장하다
1228,그는 열쇠를 찾을 수 없었다,분실하기 쉽다,당황하다
1229,그는 학교로 돌아갔다,교육을 중요하게 생각한다,열정적이다
1230,그는 배고파 보였다,식욕이 강하다,굶주리다
1231,그는 새 친구를 사귀게 되었다,사교적이다,활기차다
1232,그는 큰 충돌 소리를 들었다,놀랐다,놀라다
1233,그는 사다리를 잡았다,조심스럽다,도움을 준다
1234,그는 헌혈을 했다,친절하다,자선심이 깊다
1235,그는 맹장을 제거했다,용감하다,용감하다
1236,그는 회사를 창업했다,창의적이다,창의적이다
1237,그는 가슴에 통증이 있었다,아픔을 느끼고 있다,아프다
1238,그는 다시 잠이 들었다,피곤하다,피곤하다
1239,그는 훨씬 더 잘 자고 있었다,편안하다,편안하다
1240,그는 장난감을 변기에 버렸다,무책임하다,어리석다
1241,그는 발소리를 들었다,주변을 경계하고 있다,주의 깊다
1242,그는 가족 여행 중였다,행복하다,행복하다
1243,그는 더 높이 점프했다,용감하다,운동을 잘한다
1244,그는 첫 키스를 했다,설레고 행복하다,행복하다
1245,그는 드디어 입을 열었다,말이 없다,말이 많다
1246,그는 목소리가 커졌다,화가 났다,화나다
1247,그는 손목이 부러졌다,다친 것 같다,아프다
1248,그는 자전거를 찾았다,물물교환을 좋아한다,기뻐한다
1249,그는 축구팀에 합류했다,운동신경이 발달했다,열정적이다
1250,그는 사탕을 많이 받았다,달콤하다,달콤하다
1251,그는 팔을 흔들었다,인사를 했다,인사를 한다
1252,그는 그녀를 혼쭐내줬다,화가 났다,화를 낸다
1253,그는 사랑니를 발치했다,치과 진료를 받았다,아프다
1254,그는 학위를 취득했다,노력한다,뛰어나다
1255,그는 자신을 때렸다,자기 비판적이다,자책한다
1256,그는 새 휴대폰을 구입했다,현대적이다,현명하다
1257,그는 탭댄스를 배웠다,예술적이다,유연하다
1258,그는 친구와 가족을 초대했다,사교적이다,환대한다
1259,그는 영화를 골랐다,예술적이다,취향이 괜찮다
1260,그는 2위를 차지했다,경쟁심이 강하다,자랑스럽다
1261,그는 정말 웃겼다,유머 감각이 좋다,유머러스하다
1262,그는 곧 올 예정였다,정확하다,기대된다
1263,그는 그럼에도 팀을 구성했다,결단력이 있다,결단력 있다
1264,그는 의사와 상담했다,심리적으로 어려움을 겪고 있다,걱정스럽다
1265,그는 저녁 파티가 있었다,사교적이다,사교적이다
1266,그는 고등학교에 입학했다,새로운 시작을 하고 있다,새롭다
1267,그는 하루 종일 기다렸다,불안해 보인다,인내심이 강하다
1268,그는 그녀 위에서 안식을 취했다,편안하다,편안하다
1269,그는 부모님을 찾았다,감사하다,감격하다
1270,그는 저녁 식사로 햄버거를 먹었다,캐주얼하다,속이 불편하다
1271,그는 어쨌든 그것을 마셨다,용감하다,용감하다
1272,그는 팔을 다쳤다,아픔을 느끼다,아프다
1273,그는 골프 치는 법을 배웠다,취미가 있다,스포츠에 열정적이다
1274,그는 상자를 찾았다,발견적이다,만족하다
1275,그는 검진을 받았다,건강에 신경을 쓴다,건강하다
1276,그는 다리를 부러뜨렸다,고통을 겪고 있다,고통스럽다
1277,그는 물건을 카운터로 가져갔다,구매를 완료했다,결심있다
1278,그는 멋져 보였다,자신감이 있다,자신감 있다
1279,그는 여자 친구를 초대했다,로맨틱하다,로맨틱하다
1280,그는 심하게 화상을 입었다,고통스럽다,고통받다
1281,그는 다이어트를 시작했다,건강을 중요시한다,결단력 있다
1282,그는 자판기에서 탄산음료를 가져왔다,간단한 사람이다,간단하다
1283,그는 기분이 나아졌다,기쁘다,행복하다
1284,그는 메모를 받았다,중요한 정보를 받았다,궁금하다
1285,그는 시험을 놓쳤다,실망스럽다,실수를 한다
1286,그는 강아지를 데려왔다,다정하다,애착있다
1287,그는 퇴근 후 집에 돌아왔다,피곤하다,피곤하다
1288,그는 너무 즐겼다,방심하고 있다,흥분하다
1289,그는 수영하러 갔다,활동적이다,즐겁다
1290,그는 새 매트리스를 구입했다,편안함을 추구한다,편안하다
1291,그는 머리를 긁적였다,당황스러워 보인다,당황하다
1292,그는 할머니를 방문했다,가정적이다,따뜻하다
1293,그는 대사를 잊어버렸다,건망증이 있다,당황하다
1294,그는 그녀를 닮은 것 같았다,유전적으로 연관이 있다,애정 어리다
1295,그는 한 입 베어물었다,굶주린 모습이다,굶주리다
1296,그는 엄지손가락을 빨고 있었다,불안해 보인다,긴장되다
1297,그는 이 아이템에 대한 리콜을 진행했다,책임감이 있다,책임감 있다
1298,그는 돈이 좀 필요했다,어려움에 처했다,어렵다
1299,그의 말이 맞았다,올바르다,현명하다
1300,그는 순진무구했다,순진하다,경솔하다
1301,그는 옷장을 업데이트했다,유행을 따른다,세련되다
1302,그는 집에 가자고 했다,휴식이 필요하다,지루하다
1303,그는 새로운 기록을 세웠다,엄청난 실력을 가지고 있다,자랑스럽다
1304,그는 어쨌든 그것을 먹었다,용감하다,용감하다
1305,그는 술을 마셨다,취한 상태다,취하다
1306,그는 큰 소리가 들었다,놀라웠다,놀라다
1307,그는 안 좋아 보였다,우울하다,우울하다
1308,그는 생산성을 향상시켰다,능률적이다,능률적이다
1309,그는 길을 잘못 들어섰다,방향감이 없다,당황하다
1310,그는 고등학교를 졸업했다,똑똑하다,자랑스럽다
1311,그는 할로윈 파티에 초대받았다,사교적이다,흥분하다
1312,그는 그것을 페이스북에 게시했다,사교적이다,자랑스럽다
1313,그는 셔츠에 와인을 엎질렀다,어설프다,어설프다
1314,그는 호텔을 예약했다,여행을 즐긴다,철저하다
1315,그는 단 것을 너무 많이 먹었다,탐욕스럽다,달달한 것을 좋아한다
1316,그는 인사를 했다,친근하다,친근하다
1317,그는 성적표를 받았다,학업적으로 성공했다,기뻐한다
1318,그는 조난당한 고양이를 도왔다,자비롭다,친절하다
1319,그는 다음 단계로 도약했다,성공적이고 발전한다,성장하다
1320,그는 새 애완동물을 얻었다,애정심이 많다,행복하다
1321,그는 차를 마셨다,취한 상태,취하다
1322,그는 구매를 원했다,소비욕이 강하다,소비욕이 강하다
1323,그는 휴대폰을 반납했다,성실하다,책임감 있다
1324,그는 하루 종일 아무것도 먹지 않았다,괴팍하다,배고프다
1325,그는 라이터를 다시 가져왔다,불을 붙이려고 한다,신중하다
1326,그는 친구를 이겼다,경쟁적이다,경쟁적이다
1327,그는 바지를 적셨다,꾸준하다,꼼꼼하다
1328,그는 학교가 끝나면 집으로 돌아갔다,일상적이다,집안일을 열심히 한다
1329,그는 다른 발로 발차기를 했다,서투르다,서투르다
1330,그는 머리가 짧았다,깔끔하다,깔끔하다
1331,그는 레드 와인을 엎질렀다,어설프다,어설프다
1332,그는 대머리가 되었다,나이가 들었다,나이들다
1333,그는 유모차에서 장난감을 던졌다,까칠하다,괴롭힌다
1334,그는 교통사고를 당했다,불행하다,다치다
1335,그는 팔굽혀펴기를 했다,체력이 좋다,근육질이다
1336,그는 친구를 만났다,사교적이다,행복하다
1337,그는 풍선을 받았다,기쁘다,행복하다
1338,그는 팁을 남겼다,관대하다,관대하다
1339,그는 손톱을 물어뜯었다,긴장되어 있다,긴장하다
1340,그는 다리를 흔들었다,초조하다,초조하다
1341,그는 반려동물을 입양했다,관대하다,관대하다
1342,그는 빠르게 발길질했다,서둘러서 바쁘다,활동적이다
1343,그는 네가 편지를 보내줘서 고마워했다,감사하다,감사한다
1344,그는 순간을 몇 시간처럼 느꼈다,긴장되었다,긴장하다
1345,그는 어쨌든 하나를 구입했다,결단력이 있다,결단력 있다
1346,그는 전공을 바꿨다,결단력이 있다,변화를 추구한다
1347,그는 버스를 놓쳤다,당황스럽다,서둘러야 한다
1348,그는 아무것도 걱정하지 않았다,무관심하다,무관심하다
1349,그는 뭔가 고약한 냄새가 났다,냄새가 나다,몸이 아프다
1350,그는 친구를 때렸다,공격적이다,화가 나있다
1351,그는 개를 데려왔다,애완동물을 좋아한다,애완 동물을 좋아한다
1352,그는 남편을 잃었다,슬프다,슬프다
1353,그는 심지어 동전 지갑도 만들었다,창의적이다,창의적이다
1354,그는 공원에 가고 싶어 했다,산책을 좋아하다,산책을 좋아한다
1355,그는 데이트를 하러 가는 중였다,설레는 모습이다,행복하다
1356,그는 재미있는 소리를 내었다,유머러스하다,재미있다
1357,그는 자동차 키를 찾을 수 없었다,당황스럽다,답답하다
1358,그는 온라인 검색을 했다,호기심이 많다,호기심 많다
1359,그는 자신의 아버지를 찾았다,감격스럽다,감격하다
1360,그는 목표물을 놓쳤다,실수를 한다,실수를 하다
1361,그는 배낭을 챙겼다,여행을 좋아한다,여행간다
1362,그는 인형을 찾았다,기쁘다,기뻐한다
1363,그는 정말 늦었다,부주의하다,부주의하다
1364,그는 안경을 찾았다,재치있다,안도하다
1365,그는 스스로를 진정시켰다,자제력이 강하다,안정되다
1366,그는 감자튀김을 주문했다,간단한 식사를 선호한다,간단하다
1367,그는 아기 이름을 지었다,부모가 되었다,책임감 있다
1368,그는 할로윈 파티에 초대했다,사교적이다,활발하다
1369,그는 자신의 헤어와 메이크업을 직접 했다,자립적이다,자신감 넘친다
1370,그는 결국 굴복했다,양보하는 타입이다,양보한다
1371,그는 대화를 원했다,사교적이다,사교적이다
1372,그는 어느 날 밤 잠이 들었다,피곤하다,피곤하다
1373,그는 더 좋은 아이디어가 있었다,창의적이다,창의적이다
1374,그는 스노클링을 하러 갔다,모험을 즐긴다,모험을 즐긴다
1375,그는 엄지손가락을 사용했다,긍정적이다,혁신적이다
1376,그는 깁스를 했다,다친 것 같다,다치다
1377,그는 머리를 다쳤다,다친 상태다,아프다
1378,그는 입술을 씹었다,긴장되어 있다,긴장하다
1379,그는 잿더미에서 부활했다,강인하다,놀랍다
1380,오늘은 그의 결혼식 날였다,행복하다,행복하다
1381,그는 또다른 아기가 있었다,부모가 된 것 같다,부럽다
1382,그도 그녀를 좋아했다,연민을 느끼다,로맨틱하다
1383,그는 새 차가 필요했다,부유하다,욕심많다
1384,그는 그녀의 입술을 적셨다,로맨틱하다,로맨틱하다
1385,그는 그녀의 얼굴을 쓰다듬었다,로맨틱하다,로맨틱하다
1386,그는 커피를 엎질렀다,어설프다,어설프다
1387,그는 토론에 참여했다,적극적이다,적극적이다
1388,그는 그물을 찾았다,기쁘다,능숙하다
1389,그는 독감 진단을 받았다,아프다,아픈다
1390,그는 땅콩 알레르기가 있었다,주의를 기울여야 한다,신중하다
1391,그는 약속 일정을 다시 잡았다,신뢰할 만하다,책임감 있다
1392,그는 새로운 사람을 만났다,호기심이 많다,호기심 많다
1393,그는 발톱을 드러내었다,격분하다,위협적이다
1394,그가 그녀를 데리러 왔다,로맨틱하다,친절하다
1395,그는 메스꺼움을 느꼈다,역겨운 것을 싫어한다,역겹다
1396,그는 여자친구와 데이트했다,로맨틱하다,로맨틱하다
1397,그는 동생에게 전화했다,친근하다,다정하다
1398,그는 임신 9개월였다,임신 중이다,차분하다
1399,그는 가방을 떨어뜨렸다,부주의하다,어설프다
1400,그는 그것을 어디든 가지고 다녔다,소중하게 여긴다,꼼꼼하다
1401,그는 규칙을 설명했다,이해하기 쉽다,이해심 깊다
1402,그는 학교에 우산을 가져갔다,신중하다,신중하다
1403,그는 인터넷을 검색했다,호기심이 많다,호기심 많다
1404,그는 다음날이 마감일였다,스트레스를 받고 있다,초조하다
1405,그는 와인을 엎질렀다,어설프다,어설프다
1406,그는 닻을 내렸다,안정적이다,안정되다
1407,그는 거의 끝났다,지쳤다,지쳐 보인다
1408,그는 그녀를 두드렸다,화가 난다,화가 나다
1409,그는 잘못 짚었다,혼란스럽다,혼란스럽다
1410,그는 제한 속도를 초과하여 운전했다,위험부담을 무시한다,위험부담을 감수한다
1411,그는 혈장을 기증했다,관대하다,관대하다
1412,그는 메시지를 보내었다,소통을 중요시한다,소통을 중요시한다
1413,그는 주머니를 확인했다,불안해 보인다,걱정스럽다
1414,그는 온라인으로 파일을 업로드했다,디지털에 익숙하다,디지털에 능숙하다
1415,그는 그녀의 일을 망쳐 크게 실망시켰다,책임이 없다,무능하다
1416,그는 질문에 대한 답변을 드렸다,친절하다,친절하다
1417,그는 마침내 태어났다,신비롭다,새로운 시작을 한다
1418,그는 한 잔 더 마시고 싶어 했다,탐욕스럽다,술 좋아한다
1419,그는 고양이에게 캣닙을 줬다,친근하다,관대하다
1420,그는 새 노트북을 구입했다,현명하다,행복하다
1421,그는 속임수를 썼다,부정직하다,부정직하다
1422,그는 TV를 보고 있었다,휴식이 필요하다,게으르다
1423,그는 온 바닥에 쏠았다,절망적이다,지루하다
1424,그는 핫도그 먹기 대회에 참가했다,대담하다,배고프다
1425,그는 무대 공포증이 있었다,무서움을 겪다,무서워한다
1426,그는 멀리 있는 물체를 볼 수 있었다,시력이 좋다,시력이 좋다
1427,그는 집으로 돌아가는 길을 찾았다,지적이다,만족하다
1428,그는 자신의 능력을 키웠다,자신감이 있다,자신감 넘친다
1429,그는 초인종을 눌렀다,기다리다,교양있다
1430,그는 발목을 뼜다,서투르다,다치기 쉽다
1431,그는 그녀를 밀쳐내었다,무례하다,무모하다
1432,그는 그녀에게 빵을 줬다,관대하다,관대하다
1433,그는 자판기에서 사탕을 꺼내었다,달콤하다,달콤하다
1434,그는 독감 예방 주사를 맞았다,예방에 신경을 쓴다,건강을 중요시한다
1435,그는 섹터에서 건물을 발견했다,탐험가다,궁금하다
1436,그는 자전거에서 떨어졌다,불안정하다,서투르다
1437,그는 책을 돌려받았다,교양이 있다,만족하다
1438,그는 침실을 청소했다,깔끔하다,꼼꼼하다
1439,그는 얼음판 위에서 미끄러졌다,조심하지 않다,조심스러다
1440,그는 기분이 훨씬 나아졌다,안도하다,즐겁다
1441,그는 수건을 가져왔다,깨끗하다,예의바르다
1442,그는 졸리다고 느꼈다,피곤하다,피곤하다
1443,그는 얼룩이 생겼다,조심스럽다,지저분하다
1444,그는 새 가구를 구입했다,소비적이다,부유하다
1445,그는 슬퍼 보였다,우울하다,우울하다
1446,그는 처음에는 좋아했다,호의적이다,호의적이다
1447,그는 실수로 베였다,어리석다,어설프다
1448,그는 밖에서 추위를 느꼈다,추위를 타다,춥다고 말한다
1449,그는 사고를 일으켰다,부주의하다,부주의하다
1450,그는 함께 웃었다,친근하다,쾌활하다
1451,그는 스카이다이빙을 하러 갔다,모험심이 강하다,용감하다
1452,그는 새 휴대폰을 받았다,기쁘다,기쁘다
1453,그는 어쨌든 가기로 결정했다,결단력이 있다,결단력 있다
1454,그는 그녀의 뺨을 쓰다듬었다,애정을 표현한다,로맨틱하다
1455,그는 어지럽었다,혼란스럽다,혼란스럽다
1456,그는 술을 많이 마셨다,술에 취한 모습이다,취하다
1457,그는 매니큐어를 받았다,섬세하다,깔끔하다
1458,그는 일격을 가했다,강력하다,강력하다
1459,그는 아침을 먹었다,건강하다,건강하다
1460,그는 페디큐어를 받았다,자기 관리에 신경을 쓴다,손좀 많이 낸다
1461,그는 밴드를 시작했다,음악적인 것을 즐긴다,음악적이다
1462,그는 볼륨을 높였다,활동적이다,활기차다
1463,그는 새 라켓을 구입했다,취미가 있다,스포츠를 좋아한다
1464,그는 새 직장이 생겼다,행운아이다,흥분하다
1465,그는 알람이 울려도 잠을 자지 않았다,불면증이 있다,불면증이다
1466,그는 식료품 쇼핑을 하러 갔다,집안일을 잘한다,배고프다
1467,그는 유튜브에서 동영상을 시청했다,현대적이다,흥미진진하다
1468,그는 학교를 그리워 했다,향수에 젖다,애정 어리다
1469,그는 내일 시험이 있었다,준비가 되어 있지 않다,긴장하다
1470,그는 새 선풍기를 구입했다,현명하다,쾌활하다
1471,그는 자신감이 더 생겼다,자신감이 있다,당당하다
1472,그는 날씨를 확인했다,신중하다,신중하다
1473,그는 반려동물을 키우고 싶어 했다,애완동물을 좋아한다,애정 어리다
1474,그는 뉴스를 확인했다,알려진 사실에 관심이 많다,알려지다
1475,그는 손가락을 두드렸다,조금 짜증난다,긴장되다
1476,그는 아내와 이혼했다,슬프다,슬프다
1477,그는 그 어느 때보다 기분이 좋아졌다,행복해 보인다,환하다
1478,그는 강아지를 키우게 되었다,다정하다,책임감 있다
1479,그는 최선을 다해 노력했다,노력한다,열심히 노력한다
1480,그는 가려움을 느꼈다,당황스럽다,괴롭다
1481,그는 영화를 보고 싶어 했다,즐거워 보인다,흥분하다
1482,그는 전화가 울리기 시작했다,바쁘다,바쁘다
1483,그는 걸을 수 없었다,무력하다,무력하다
1484,그는 스스로를 아끼는 사람였다,자기 중심적이다,자기중심적이다
1485,그는 정책을 변경했다,결단력이 있다,결단력 있다
1486,그는 좋아하는 셔츠가 있었다,사소한 것에 신경을 쓰는 편이다,자신감 있다
1487,그는 짐을 챙겼다,여행을 갔다,철저하다
1488,그는 머리를 풀어헤쳤다,혼란스럽다,해방되다
1489,그는 그후 기분이 훨씬 나아졌다,안심한 모습이다,즐겁다
1490,그는 셀카를 찍었다,자신에게 자신감이 있다,자신에게 관심이 많다
1491,그는 친구들과 팝콘을 나눠 먹었다,사교적이다,사교적이다
1492,그는 자신감이 생겼다,자신감 있다,당당하다
1493,그는 컬렉션에 추가했다,취미가 많다,열정적이다
1494,그는 어젯밤에 잘 잤다,피곤하다,상쾌하다
1495,그는 수염을 길렀다,멋있어 보인다,멋지다
1496,그는 눈싸움을 하고 있었다,적대적이다,불편하다
1497,그는 저녁을 걸렀다,로맨틱하다,배고프다
1498,그는 아침 일찍부터 일을 시작했다,부지런하다,부지런하다
1499,그는 그녀를 좋아하는 것 같았다,호감이 있는 것 같다,로맨틱하다
1500,그는 휴대폰을 찾을 수 없었다,분실을 자주 한다,단순하다
1501,그는 너무 많이 사용했다,낭비가 심하다,낭비한다
1502,그는 출근을 위해 옷을 입었다,책임감이 있다,일한다
1503,그는 얼룩을 제거했다,꼼꼼하다,깔끔하다
1504,그는 다시 고개를 흔들었다,불만스럽다,부정적이다
1505,그는 혼자 술을 마셨다,외로움을 느낀다,외롭다
1506,그는 스마트폰을 구입했다,현대적이다,현대적이다
1507,그는 타이어를 걷어찼다,분노에 찬 모습,화가 나다
1508,그는 전에는 한 번도 해본 적이 없었다,경험이 부족하다,경험이 부족하다
1509,그는 새 스웨터를 구입했다,쇼핑을 좋아한다,자신감 있다
1510,그는 친구에게 고마워했다,감사하다,감사하다
1511,그는 실수로 발을 헛디뎠었다,어리둥절하다,어리석다
1512,그는 두통이 생겼다,불편하다,아프다
1513,그는 친구에게 조언을 구했다,신뢰할 만하다,현명하다
1514,그는 탄산음료를 끊었다,건강을 생각하다,건강하다
1515,그는 자리를 찾았다,안정적이다,만족하다
1516,그는 목발을 사용했다,다리가 다친 것 같다,다치다
1517,그는 여자처럼 흐느꼈다,감정적이다,감정적이다
1518,그는 가방을 확인했다,신중하다,꼼꼼하다
1519,그는 지갑을 잃어버렸다,당황스럽다,당황하다
1520,그는 첫 번째 치아를 잃었다,불행한 일이 생겼다,불행하다
1521,그는 데이트 상대를 만났다,행복해 보인다,떨린다
1522,그는 실수로 총을 쐈다,부주의하다,조심스럽지 않다
1523,그는 나머지를 맡았다,책임감이 있다,책임감 있다
1524,그는 머리를 손질했다,깔끔하다,깔끔하다
1525,그는 주차할 차를 찾았다,차를 주차하려고 한다,기쁘다
1526,그는 공에서 눈을 떼지 못했다,집중력이 뛰어나다,열정적이다
1527,그는 남자친구에게 물어봤다,호기심이 많다,궁금하다
1528,그는 실수로 폰을 눌러 전화를 걸었다,어리석다,어리둥절하다
1529,그는 학교까지 가는 카풀을 놓쳤다,당황스럽다,당황하다
1530,그는 머리를 부딪쳤다,아픕니다,아프다
1531,그는 친구들을 다시 만나게 되었다,기쁘다,기쁘다
1532,그는 물을 많이 마셨다,갈증이 많다,목마르다
1533,그는 커피를 마시고 싶어 했다,졸리다,졸리다
1534,그는 어느 날 아침 눈을 떴다,새로운 시작을 하려고 한다,상쾌하다
1535,그는 남자 친구의 부모님을 만났다,긴장되어 있다,신중하다
1536,그는 하루 종일 울었다,슬프다,슬프다
1537,그는 메일을 확인했다,꼼꼼하다,꼼꼼하다
1538,그는 무기를 꺼내들었다,위협적이다,위협적이다
1539,그는 바로 옆에 있었다,친밀하다,친근하다
1540,그는 집에 늦게 들어왔다,늦둥이다,바쁘다
1541,그는 애완 고양이를 키우고 싶어했다,애완동물을 좋아한다,애착있다
1542,그는 천천히 고개를 흔들었다,동의하지 않는다,이해심 깊다
1543,그는 기사를 읽었다,알려져 있다,지적이다
1544,그는 학교에서 일진행세를 했다,권력을 부리려고 한다,위협적이다
1545,그는 드레스를 찾았다,쇼핑을 즐기다,만족하다
1546,그는 초대를 받았다,사교적이다,특별하다
1547,그는 자신의 냄새를 맡았다,이상하다,이상하다
1548,그는 가슴에 묻은 더러운 물을 닦아내었다,성실하다,정갈하다
1549,그는 늦을 것 같았다,부지런하지 않다,서둘러야 한다
1550,그는 키가 커졌다,자랑스럽다,자신감 있다
1551,그는 셔츠에 맥주를 엎질렀다,어설프다,어설프다
1552,그는 자신에 대해 글을 썼다,자기 중심적이다,솔직하다
1553,그는 속눈썹을 깜빡거렸다,깜짝 놀랐다,유혹적이다
1554,그는 블로그를 시작했다,창의적이다,창의적이다
1555,그는 그녀의 가슴을 움켜쥐었다,폭력적이다,폭력적이다
1556,그는 저글링하는 법을 배웠다,재능이 있다,숙련되다
1557,그는 뭔가 대단한 사람처럼 들렸다,자신감이 있다,자신감 넘친다
1558,그는 선물을 열어봤다,호기심이 많다,궁금하다
1559,그는 아침 식사를 준비했다,철저하다,배부르다
1560,그는 남자친구와 헤어졌다,심란하다,슬프다
1561,그는 어쨌든 하나를 사기로 결심했다,결단력이 있다,결단력 있다
1562,그는 수영을 하고 싶어했다,즐거워 보인다,시원하다
1563,그는 보안팀을 호출했다,안전을 중요시한다,조심스럽다
1564,그는 도시를 탐험했다,호기심이 많다,호기심 많다
1565,그는 다른 차를 들이받았다,운전이 서투르다,부주의하다
1566,그는 사탕을 찾았다,기쁘다,기쁘다
1567,그는 올해도 참석했다,충실하다,충실하다
1568,그는 썰매를 타러 갔다,겨울을 즐긴다,즐겁다
1569,그는 여자 친구에게 전화했다,로맨틱하다,사랑스럽다
1570,그는 퇴근 후 집에 도착했다,피곤한 모습이다,피곤하다
1571,그는 순간을 영원처럼 느꼈다,행복하다,행복하다
1572,그도 자신을 좋아했다,자신감이 있다,자만심 있다
1573,그는 똑같이 반을 나눴다,공평하다,공평하다
1574,그는 하루 종일 TV를 시청했다,게으르다,게으르다
1575,그는 등산을 좋아했다,활동적이다,활동적이다
1576,그는 결국 그 사실을 알게 되었다,궁금해하다,충격받다
1577,그는 우편으로 편지를 받았다,사교적이다,기쁘다
1578,그는 그녀를 돌봤다,배려심이 깊다,배려심 있다
1579,그는 소변을 많이 봤다,탈수되었다,건강하다
1580,그는 좋은 밤을 보내었다,행복하다,행복하다
1581,그는 새 휴대폰이 필요했다,필요가 있다,현명하다
1582,그는 심해 낚시에 나섰다,모험심이 강하다,용감하다
1583,그는 입소문이 났다,유명하다,유명하다
1584,그는 코끝을 손으로 치켜올렸다,거만하다,거만하다
1585,그는 저녁 식사로 피자를 주문했다,게으르다,게으르다
1586,그는 아버지와 함께 낚시를 하러 갔다,가족을 소중히 여긴다,가족을 소중히 여긴다
1587,그는 새 토스터기를 구입했다,집에서 많은 시간을 보내다,집에서 요리한다
1588,그는 아이스 스케이트를 타러 갔다,활동적이다,운동을 좋아한다
1589,그는 집으로 돌아가는 버스를 찾았다,기쁘다,기쁘다
1590,그는 바이올린을 배웠다,예술적이다,예술적이다
1591,그는 숲에서 길을 잃었다,방황한다,당황하다
1592,그는 농구팀에 합류했다,경쟁적이다,열정적이다
1593,그는 1981년에 결혼했다,결혼을 했다,낭만적이다
1594,그는 학교에 갈 옷을 입었다,교육을 중요시한다,꾸미다
1595,그는 가까이 다가왔다,친근하다,친근하다
1596,그는 베이비 샤워가 있었다,가족 중심적이다,가족을 소중히 여긴다
1597,그는 귀여워 보였다,매력적이다,사랑스럽다
1598,그는 어디서부터 시작해야 할지 몰랐다,주도력이 부족하다,주저한다
1599,그는 삼촌의 농장을 방문했다,농촌적이다,행복하다
1600,그는 아마존에서 노트북을 주문했다,편리함을 추구한다,온라인 쇼핑을 좋아한다
1601,그는 친구들과 함께 앉아 있었다,사교적이다,사교적이다
1602,그는 연을 날리러 갔다,자유로워 보인다,자유롭다
1603,그는 자랑하며 시간을 보내었다,자만심이 강하다,건방지다
1604,그는 바닥에 구토물을 봤다,술에 취했다,역겹다
1605,그는 어디서든 그녀를 찾았다,끈기가 있다,끈질기다
1606,그는 정말 추위를 느꼈다,춥다,얼어 죽을 것 같다
1607,그는 친구에게 연락했다,사교적이다,사교적이다
1608,그는 게임을 플레이했다,게임 중독이다,중독되다
1609,그는 헬멧을 쓰고 있었다,안전을 중요시한다,안전을 중요시한다
1610,그는 옷을 갈아입었다,변화를 추구한다,변모하다
1611,그는 첫 차를 구입했다,자립적이다,자립적이다
1612,그는 자신의 차를 찾았다,안도하다,안도하다
1613,그는 서핑하는 법을 배웠다,적극적이다,능숙하다
1614,그는 스케이트보드를 구입했다,활동적이다,새로운 취미를 찾다
1615,그는 정말 아팠다,고통스럽다,힘들어 보인다
1616,그는 다른 차량과 충돌했다,운전이 서투르다,운이 나쁘다
1617,그는 압도적인 차이로 승리했다,우월하다,우월하다
1618,그는 소음을 들었다,까다롭다,신경질적이다
1619,그는 새 옷이 필요했다,소홀하다,구식하다
1620,그는 대출을 받았다,경제적으로 어렵다,금전에 얽매이다
1621,그는 어쨌든 그녀를 사랑했다,충실하다,어쩌면 용감하다
1622,그는 잠깐 낮잠을 잤다,피곤하다,피곤하다
1623,그는 파티를 주최했다,활발하다,활발하다
1624,그는 그다음에 서 있었다,혼란스럽다,차분하다
1625,그는 머리를 끄덕였다,동의하다,동의한다
1626,그는 강아지를 발견했다,호의적이다,행복하다
1627,그는 토스트를 먹었다,보통 사람이다,허기지다
1628,그는 결국 결심했다,결단력이 있다,결단력 있다
1629,그는 제 개를 데리고 산책을 나갔다,책임감 있다,애완동물을 사랑한다
1630,그는 아직 갈 길이 멀었다,노력한다,피곤하다
1631,그는 나무에 부딪혔다,운이 없다,우둔하다
1632,그는 숨바꼭질을 하고 있었다,어리광을 부린다,장난기 많다
1633,그는 고양이를 발견했다,귀엽다,사랑스럽다
1634,그는 자신의 신발을 찾았다,안도하다,안도하다
1635,그는 온몸이 젖었다,축축하다,춥고 불편하다
1636,그는 스트라이크를 받았다,실패를 경험했다,실망하다
1637,그는 쇼를 시청했다,취미가 다양하다,즐겁다
1638,그는 갱단에 가입했다,위험하다,위험하다
1639,그는 양치질을 하고 있었다,위생에 신경을 쓴다,깨끗하다
1640,그는 공을 훔쳤다,도둑질을 한다,나쁘다
1641,그는 조언을 구했다,현명하다,현명하다
1642,그는 손가락을 가리켰다,지시하다,비난한다
1643,그는 고양이에게 사료를 줬다,친근하다,애완동물을 좋아한다
1644,그는 신선한 공기를 마셨다,상쾌하다,상쾌하다
1645,그는 할 말이 있었다,궁금하다,중요하다
1646,그는 우편물을 집에 배달했다,신뢰할 만하다,친절하다
1647,그는 친구들과 함께 영화를 봤다,사교적이다,사교적이다
1648,그는 텍사스로 이사했다,새로운 시작을 원한다,모험심이 강하다
1649,그는 그녀에게 약을 줬다,친절하다,관대하다
1650,그는 함께 모여 있었다,사교적이다,사교적이다
1651,그는 냄새가 끔찍했다,더러워 보인다,청결을 중요시하지 않다
1652,그는 복권을 구매했다,운이 좋다,행운아
1653,그는 변기 물을 내렸다,예의 바르다,청결하다
1654,그는 자신의 차례가 왔다,기대하고 있었다,기쁘다
1655,그는 고양이를 반려동물로 키우고 있었다,애완동물을 좋아하다,애착있다
1656,그는 공을 잡았다,능숙하다,민첩하다
1657,그는 잘 자고 있었다,피곤하다,평화롭다
1658,그는 자신에게 보상했다,자기 돌봄이 필요하다,자기 사랑한다
1659,그는 즐거운 밤을 보내고 있었다,즐겁다,행복하다
1660,그는 과학 시험이 있었다,열심히 공부하는 학생,열심히 공부한다
1661,그는 완벽한 반려견을 찾았다,행운아이다,행복하다
1662,그는 아기가 있었다,책임감이 있다,책임감 있다
1663,그는 넘어져 팔이 부러졌다,불운한 상황에 처했다,다치다
1664,그는 누군가에게 말했다,사교적이다,사교적이다
1665,그는 떠났다,떠나갔다,외롭다
1666,그는 아기처럼 울었다,무력하다,연약하다
1667,그는 그것을 저녁 식사로 먹었다,보통 사람이다,이상하다
1668,그는 자세히 살펴봤다,꼼꼼하다,꼼꼼하다
1669,그는 냄새가 정말 심했다,더럽다,청결하지 않다
1670,그는 걷는 법을 배웠다,자립적이다,자립적이다
1671,그는 첫 아기가 생겼다,기쁘다,행복하다
1672,그는 물론이라고 말했다,확신에 찬다,확신에 차다
1673,그는 아직 늦었다,부주의하다,부주의하다
1674,그는 유튜브 동영상을 시청했다,즐거워하다,흥미진진하다
1675,그는 그녀의 머리카락을 가지고 놀았다,장난기 많다,장난스럽다
1676,그는 그녀의 입술을 깨물었다,충동적이다,충동적이다
1677,그는 걷는 데 문제가 있었다,건강이 좋지 않다,취약하다
1678,그는 열쇠를 떨어뜨렸다,어리둥절하다,어리석다
1679,그는 앞치마 끈을 느슨하게 풀었다,방심한 것 같다,편안하다
1680,그는 새 마우스를 구입했다,현대적이다,기쁘다
1681,그는 중학교에 입학했다,새로운 시작을 하다,새로운 시작을 한다
1682,그는 집에서 지갑을 찾았다,당황스럽다,안도하다
1683,그는 이제 막 고등학교를 졸업했다,미래가 기대된다,미래가 유망하다
1684,그는 다음 날 학교에 갔다,책임감이 있다,책임감 있다
1685,그는 자리에 앉았다,피곤하다,피곤하다
1686,그는 사람들을 초대했다,사교적이다,활발하다
1687,그는 오늘 밤에 잠을 잤다,평범하다,피곤하다
1688,그는 그녀의 발목을 비틀었다,잔인하다,사악하다
1689,그는 메모를 남겼다,조직적이다,잊어버리기 쉽다
1690,그는 대신 피자를 주문했다,선택이 많다,관대하다
1691,그는 손가락에 화상을 입었다,부주의하다,아프다
1692,그는 수업에 지각했다,부주의하다,부주의하다
1693,그는 수영하러 가고 싶어했다,즐거워하다,즐겁다
1694,그는 반창고를 붙였다,격렬하다,조심스럽다
1695,그는 계정을 삭제했다,결단력이 있다,결단력 있다
1696,그는 자외선 차단제를 바르는 것을 잊어버렸다,부주의하다,부주의하다
1697,그는 학교를 시작했다,교육을 받다,신난다
1698,그는 새로운 음식을 시도했다,개방적이다,호기심 많다
1699,그는 사람들과 잘 어울렸다,사교적이다,사교적이다
1700,그는 감기에 걸렸다,아프다,아프다고 보인다
1701,그는 생일 파티를 하고 있었다,축하받고 싶다,즐겁다
1702,그는 열기구를 타러 갔다,모험을 즐긴다,용감하다
1703,그는 한 시간 동안 플레이했다,열정적이다,열정적이다
1704,그는 일기 예보를 확인했다,신중하다,신중하다
1705,그는 일찍 잠을 잤다,피곤하다,건강하다
1706,그는 가기 싫어했다,꺼리는 경향이 있다,귀찮다
1707,그는 허리를 다쳤다,아픕니다,아프다
1708,그는 이메일을 열어봤다,궁금하다,호기심 많다
1709,그는 판매자에게 연락했다,물건을 사고 싶다,관심이 있다
1710,그는 애완동물을 키웠다,애완동물을 좋아한다,다정하다
1711,그는 변화가 필요했다,더 나은 삶을 원한다,불만족하다
1712,그는 그녀에게 와주셔서 감사하다고 했다,공손하다,예의 바르다
1713,그는 무엇을 먹을지 결정했다,결단력이 있다,결단력 있다
1714,그는 그녀의 뺨을 만졌다,화가 났다,화나다
1715,그는 부모님과 다시 함께 살게 되었다,가족을 중요시한다,행복하다
1716,그는 손으로 그늘을 만들었다,창의적이다,예술적이다
1717,그는 조깅을 시작했다,건강하다,건강하다
1718,그는 고개를 절레절레 흔들었다,부정적이거나 거부하는 태도를 보인다,부끄럽다
1719,그는 재채기를 시작했다,갑작스럽다,감기에 걸리다
1720,그는 새 텐트를 구입했다,야외 활동을 좋아한다,캠핑을 좋아한다
1721,그는 이리저리 뛰어다녔다,활동적이다,적극적이다
1722,그는 좋아하는 프로그램을 시청했다,즐거워하다,즐겁다
1723,그는 곰을 봤다,놀라다,놀라다
1724,그는 한 쪽 편을 들었다,궁금한 사람이다,호기심 많다
1725,그는 독서를 좋아했다,지적이다,지적이다
1726,그는 친구와 대화했다,사교적이다,사교적이다
1727,그는 며칠 내에 갱신되었다,희망적이다,피곤하다
1728,그는 대학을 졸업했다,교육을 받다,자랑스럽다
1729,그는 어지러움을 느꼈다,혼란스럽다,혼란스럽다
1730,그는 주사위를 굴렸다,운이 좋다,운이 좋다
1731,그는 책 전반에 걸쳐 사용했다,지적이다,지루하다
1732,그는 학교 첫날을 시작했다,긴장되어 있다,긴장하다
1733,그는 결국 시작했다,결단력이 있다,결단력 있다
1734,그는 한 모금을 더 마셨다,탐닉이 강하다,술을 좋아한다
1735,그는 자판기에서 캔디바를 꺼내었다,간단한 즐거움을 찾다,달콤하다
1736,그는 돌아가고 싶지 않았다,행복하다,안도하다
1737,그는 군대에 입대했다,국가를 위해 헌신한다,훈련받다
1738,그는 최근에 구매했다,소비욕이 강하다,부유하다
1739,그는 다음날 배송했다,신속하다,신속하다
1740,그는 집세를 제때 납부했다,신뢰할 만하다,책임있다
1741,그는 어쨌든 그것을 구입했다,고집 세다,결단력 있다
1742,그는 심지어 양말 한 켤레도 만들었다,창의적이다,꼼꼼하다
1743,그는 허무한 일을 저질렀다,실망스럽다,무책임하다
1744,그는 핫도그를 전자레인지에 넣었다,게으르다,게으르다
1745,그는 사탕을 너무 많이 먹었다,달콤한 것을 좋아하다,달콤하다
1746,그는 그녀의 혀를 휘저었다,폭력적이다,무례하다
1747,그는 열이 났다,아프다,아프다
1748,그는 어느 날 숲에서 등산을 했다,자연을 즐긴다,활기차다
1749,그는 뱀을 죽였다,용감하다,무섭다
1750,그는 쌍둥이를 임신 중였다,놀라운 일을 경험하고 있다,행복하다
1751,그는 출근 준비를 했다,책임감이 있다,꾸준하다
1752,그는 연기 냄새를 맡았다,근사하다,연기에 둘러싸이다
1753,그는 고양이 두 마리를 키우고 있었다,애완동물을 좋아한다,애완 동물을 좋아한다
1754,그는 정말 화를 내었다,화려하다,화나다
1755,그는 피자도 먹었다,식욕이 강하다,허기지다
1756,그는 새 신발이 필요했다,필요를 인식하다,구식이다
1757,그는 오줌을 쌌다,어린애다,부끄럽다
1758,그는 가는 게 좋을 것 같았다,위험을 피하는 것을 좋아한다,불안하다
1759,그는 학교 마지막 날였다,슬프다,허무하다
1760,그는 알람 시계를 설정했다,철저하다,철저하다
1761,그는 번개에 맞았다,운이 나쁘다,운이 없다
1762,그는 선생님께 물었다,호기심이 많다,호기심 많다
1763,그는 첫 경기에서 승리했다,유망하다,자신감 넘친다
1764,그는 뉴스 시청을 중단했다,궁금하다,무관심하다
1765,그는 원하는 대로 골랐다,자유롭다,결단력 있다
1766,그는 커피를 마셨다,활기차다,깨어있다
1767,그는 그녀에게 번호를 알려줬다,호감을 가지고 있다,친절하다
1768,그는 스케이트보드를 좋아했다,모험심이 강하다,활동적이다
1769,그는 밤새 잠을 잤다,피곤하다,피곤하다
1770,그는 곧 면접을 보게 되었다,긴장되어 있을 것이다,긴장되다
1771,그는 거북이를 봤다,귀엽다,호기심 많다
1772,그는 음악에 맞춰 춤을 추웠다,즐거워하는 것을 좋아한다,유쾌하다
1773,그는 고양이에게 장난감을 줬다,친근하다,친근하다
1774,그는 임신을 하게 되었다,놀랍다,기쁘다
1775,그는 여전히 배고팠다,굶주렸다,굶주리다
1776,그는 줄 맨앞에 서 있었다,선입견이 없다,참을성 있다
1777,그는 더 좋은 좌석을 배정받았다,운이 좋다,운이 좋다
1778,그는 그의 개를 줬다,관대하다,관대하다
1779,그는 새 고양이를 얻었다,사랑스럽다,행복하다
1780,그는 기분이 훨씬 좋아졌다,기쁘다,환하다
1781,그는 20분 늦었다,부주의하다,부주의하다
1782,그는 다시 초대했다,환대적이다,친근하다
1783,그는 자기 십자가를 졌다,희생적이다,희생적이다
1784,그는 길고양이를 발견했다,호기심이 많다,친근하다
1785,그는 부케를 함께 들고 있었다,로맨틱하다,로맨틱하다
1786,그는 새로운 친구들을 만났다,사교적이다,즐겁다
1787,그는 다시 돌려보내야 했다,실망스럽다,불쌍하다
1788,그는 바닥에 수프를 엎질렀다,어설프다,어설프다
1789,그는 커브볼을 던지는 방법을 배웠다,스포츠에 열정적이다,재능 있다
1790,그는 여권을 받았다,국제적이다,기쁘다
1791,그는 자신을 사랑했다,자신에 대해 자신감이 있다,자아실현이 높다
1792,그는 뉴스를 보고 있었다,현재 이슈에 관심이 많다,관심이 많다
1793,그는 약속을 취소했다,실망스럽다,신중하지 못하다
1794,그는 포만감을 느꼈다,만족스럽다,만족하다
1795,그는 제 휴대폰을 떨어뜨렸다,조심하지 않다,어리석다
1796,그는 밖에서 놀고 싶어했다,즐겁다,활발하다
1797,그는 드디어 합류했다,마침내 도착했다,환영받다
1798,그는 게임 방법을 배웠다,호기심 많다,숙달되다
1799,그는 모자에서 토끼를 꺼내었다,마술사처럼 보인다,마술사 같다
1800,그는 임신했을 수도 있었다,놀랍다,부푸다
1801,그는 새 신발을 구입했다,소비에 소질이 있다,행복하다
1802,그는 자신의 힘을 키웠다,자신감이 있다,강하다
1803,그는 그녀의 목에 코를 대었다,친밀하다,친밀하다
1804,그는 뭔가 나쁜 냄새가 났다,부정적인 인상을 준다,몸이 지독하다
1805,그는 결국 치유되었다,강하다,강인하다
1806,그는 실수로 발로 찼다,어리석다,어설프다
1807,그는 전화기를 떨어뜨렸다,서투르다,어리둥절하다
1808,그는 누군가에게 전화를 걸어야 했다,소심하다,궁금하다
1809,그는 개를 키우고 싶어 했다,애완동물을 좋아한다,애완동물을 좋아한다
1810,그는 정지 신호에 멈췄다,법을 지키는 시민이다,안전하다
1811,그는 상을 받았다,우수하다,자랑스럽다
1812,그는 집이 필요했다,안정을 찾고 있다,무모하다
1813,그는 그림 그리는 것을 좋아했다,예술적이다,예술적이다
1814,그는 그것을 애완동물로 키우고 있었다,애정이 많다,다정하다
1815,그는 데이트 상대가 생겼다,행운이 있다,행복하다
1816,그는 온라인에서 만났다,사교적이다,사교적이다
1817,그는 학교에 가고 싶지 않았다,귀찮다,귀찮다
1818,그는 자신의 길을 갔다,단호하다,당당하다
1819,그는 직접 의상을 제작했다,창의적이다,창의적이다
1820,그는 오르가즘을 느꼈다,만족했다,만족하다
1821,그는 충분한 수면을 취했다,상쾌하다,상쾌하다
1822,그는 어젯밤에 집에 돌아왔다,늦잠을 자서 지각했다,피곤하다
1823,그는 연필을 달라고 했다,쓰기를 좋아한다,필요하다
1824,그는 산을 올랐다,능력이 있다,씩씩하다
1825,그는 곧 시작했다,빠르다,열정적이다
1826,그는 현장 학습을 떠났다,모험심이 강하다,모험심이 강하다
1827,그는 매일 밤 잠을 잤다,건강하다,규칙적이다
1828,그는 새 드레스를 구입했다,쇼핑을 좋아한다,행복하다
1829,그는 체온을 확인했다,신경질적이다,건강하다
1830,그는 무기가 통과하는 것을 막았다,용감하다,용감하다
1831,그는 자신의 십자가를 졌다,희생적이다,희생적이다
1832,그는 비명 소리를 들었다,놀랐다,놀라다
1833,그는 숨을 골랐다,죽다,피곤하다
1834,그는 코스튬 콘테스트에서 우승했다,창의적이고 재능있다,창의적이다
1835,그는 그녀에게 갔다,사랑스럽다,사랑에 빠지다
1836,그는 어쨌든 일했다,성실하다,성실하다
1837,그는 속도를 빨리했다,성급하다,운전실수를 한다
1838,그는 블록을 서로 연결했다,창의적이다,능숙하다
1839,그는 샌드위치를 주문했다,배고프다,배고프다
1840,그는 월급을 받았다,기쁘다,기쁘다
1841,그는 그녀를 다시 쳐다봤다,호감을 가지다,호감을 가지다
1842,그는 그녀의 방으로 갔다,호의적이다,호기심 많다
1843,그는 더 건강하게 먹었다,건강을 중시한다,신경 쓴다
1844,그는 다음 날 아침에 일어났다,생존하고 있다,상쾌하다
1845,그는 자신의 휴대폰을 두고 갔다,부주의하다,분실하기 쉽다
1846,그는 마침내 잠이 들었다,피곤하다,피곤하다
1847,그는 테이크아웃을 주문했다,게으르다,편리함을 좋아한다
1848,그는 말에서 떨어졌다,겁이 많다,자신감 없다
1849,그는 귀에 염증이 있었다,불편하다,아프다
1850,그는 목표물을 명중시켰다,명중률이 높다,정확하다
1851,그는 장난감을 살았다,어린이다,아이 같다
1852,그는 베이스 기타를 연주했다,음악적이다,재능 있다
1853,그는 숨바꼭질 놀이를 했다,유쾌하다,재미있다
1854,그는 두통을 앓았다,고통스럽다,고통받다
1855,그는 말이 많았다,소곤거리다,활발하다
1856,그는 충분한 휴식을 취했다,피곤하지 않다,신선하다
1857,그는 나쁜 리뷰를 남겼다,심술궂다,신중하지 않다
1858,그는 자신을 선택했다,자신에게 확신이 있다,결단력 있다
1859,그는 아마존에서 영화를 주문했다,편리함을 추구한다,영화광
1860,그는 손가락을 깨물었다,긴장되어 있다,긴장하다
1861,그는 공을 쳤다,운동을 좋아한다,자신감 넘친다
1862,그는 면허를 갱신했다,책임감이 있다,책임감 있다
1863,그는 여자친구가 생겼다,행복해 보인다,행복하다
1864,그는 훨씬 나아졌다,발전했다,건강하다
1865,그는 학교 가는 버스를 놓쳤다,답답하다,서둘러야 한다
1866,그는 새 소파를 필요로 했다,소비욕이 강하다,편안함을 추구한다
1867,그는 레스토랑을 열었다,창의적이다,창의적이다
1868,그는 멋진 휴가를 보내고 있었다,행복해 보인다,행복하다
1869,그는 웃겨 보였다,유머 감각이 있다,유머러스하다
1870,그는 배고팠다,식욕이 강하다,굶주리다
1871,그는 양손을 모두 사용했다,솜씨가 좋다,능숙하다
1872,그는 거의 다 왔다,성공에 가깝다,피곤하다
1873,그는 감기가 심했다,아프다,아프다
1874,그는 헤어스타일을 바꿨다,변화를 추구한다,특별하다
1875,그는 기분이 매우 좋았다,기쁘다,환하다
1876,그는 정말 좋아했다,열정적이다,행복하다
1877,그는 이메일을 받았다,연락을 기다리고 있다,기쁘다
1878,그는 귀를 쫑긋 세웠다,호기심이 많다,경계심이 많다
1879,그는 단편 소설을 쓰고 있었다,창의력이 풍부하다,창의적이다
1880,그는 밖에 나가서 놀았다,활발하다,즐겁다
1881,그는 내일 수학 시험이 있었다,걱정스러워 보인다,걱정스럽다
1882,그는 길 잃은 개를 발견했다,친절하다,친절하다
1883,그는 휴대폰을 꺼내었다,연락을 기다리고 있다,분주하다
1884,그는 친구에게 가르쳐 달라고 부탁했다,배우려고 노력한다,배우려 하다
1885,그는 전화를 걸었다,소통을 중요시한다,사교적이다
1886,그는 그녀를 닮았다,유사한 점이 있다,사랑에 빠지다
1887,그는 드디어 시작했다,결심이 강하다,결단력 있다
1888,그는 주차할 장소를 찾았다,귀찮다,만족하다
1889,그는 체력을 회복했다,건강하다,활기차다
1890,그는 친구들에게 자랑했다,자부심이 강하다,자부심이 강하다
1891,그는 마침내 확인했다,확신이 있다,확신한다
1892,그는 최근에 구입했다,소비적이다,부유하다
1893,그는 반지를 찾았다,감동적이다,운이 좋다
1894,그는 팔을 심하게 다쳤다,아픔을 겪고 있다,고통 받다
1895,그는 시리얼 한 그릇을 먹었다,식욕이 강하다,배고프다
1896,그는 타이어를 교체했다,숙련된 정비사다,능숙하다
1897,그는 공과금 납부에 어려움을 겪고 있었다,경제적으로 어려움을 겪고 있다,가난하다
1898,그는 그것을 온라인에 게시했다,충동적이다,자신감 넘친다
1899,그는 문자를 보내었다,소통을 중요시한다,소통을 좋아한다
1900,그는 스스로에게 친절했다,자기를 이해하고 배려한다,자비롭다
1901,그는 첫날을 멋지게 보내었다,자신감 있다,자신감 있다
1902,그는 칙령을 내렸다,권위주의적이다,권위 있다
1903,그는 내 얼굴을 핥았다,증오스럽다,무례하다
1904,그는 팔로 그녀를 감쌌다,보호자다,보호본능이 강하다
1905,그는 집안 곳곳을 뛰어다녔다,활동적이다,초조하다
1906,그는 결국 매우 즐거워했다,만족스럽다,행복하다
1907,그는 곧 집에 돌아왔다,빠르다,빠르다
1908,그는 청바지를 입은 채로 사정했다,캐주얼하다,캐주얼하다
1909,그는 스스로를 구석에 몰아넣었다,자책하는 경향이 있다,자책한다
1910,그는 점점 더 아파갔았다,고통스럽다,고통받다
1911,그는 소포를 우편으로 보내었다,믿을 만하고 신뢰할 만하다,신중하다
1912,그는 가장 친한 친구를 초대했다,친근하다,사교적이다
1913,그는 혼자서 놀 수 있었다,독립적이다,독립적이다
1914,그는 자동차 열쇠를 분실했다,당황스럽다,답답하다
1915,그는 함께 시청했다,사교적이다,관심이 있다
1916,그는 고양이를 동물병원에 데려갔다,동물을 사랑한다,배려심 있다
1917,그는 학위를 받았다,똑똑하다,뛰어나다
1918,그는 즐거운 하루였다,즐거운 사람이다,행복하다
1919,그는 새 TV를 구입했다,사치스럽다,즐겁다
1920,그는 지갑을 두고 나갔다,부주의하다,부주의하다
1921,그는 첫 발을 내딜었다,용감하다,용감하다
1922,그는 옷을 입었다,평범하다,세련되다
1923,그는 샐러드를 주문했다,건강을 중시한다,건강을 중시한다
1924,그는 어느 날 지루함을 느꼈다,지루하다,심심하다
1925,그는 이메일 버튼을 클릭했다,기술에 능통하다,통신이 능숙하다
1926,그는 당일치기 여행을 떠났다,즉흥적이다,적극적이다
1927,그는 눈을 가늘게 떴다,의심스럽다,의심스럽다
1928,그는 총알을 피했다,운이 좋다,민첩하다
1929,그는 새 양말을 구입했다,깔끔하다,만족하다
1930,그는 대화 상대가 필요했다,외로움을 느끼다,외롭다
1931,그는 정신이 팔려있었다,산만하다,산만하다
1932,그는 내 지갑을 잊어버렸다,부주의하다,부주의하다
1933,그는 어린 아들이 있었다,책임감이 있다,책임감 있다
1934,그는 새 TV를 원했다,소비욕이 강하다,사치스럽다
1935,그는 바비큐 파티를 준비했다,사교적이다,활기차다
1936,그는 첫 소설을 썼다,창의적이다,창의적이다
1937,그는 일찍 잠자리에 들었다,조용하다,피곤하다
1938,그는 요리를 끝내었다,요리에 능숙하다,만족하다
1939,그는 음료를 주문했다,목마르다,목마르다
1940,그는 착해보였다,친절하다,친절하다
1941,그는 돈을 줬다,관대하다,관대하다
1942,그는 한 통의 전화를 받았다,궁금하다,당황하다
1943,그는 조깅을 하러 갔다,건강하다,건강하다
1944,그는 총을 발견했다,궁금하다,놀라다
1945,그는 구슬을 가지고 놀았다,호기심이 많다,아이 같다
1946,그는 그녀의 머리를 쓰다듬었다,다정하다,다정하다
1947,그는 파티에 참석했다,사교적이다,활발하다
1948,그는 버스를 타고 뉴욕으로 향했다,여행을 갔다,여행간다
1949,그는 절대 그럴 리가 없었다,놀랍다,신뢰할 수 있다
1950,그는 그녀의 냄새를 맡았다,짝사랑을 하고 있다,호기심 많다
1951,그는 스스로를 추천했다,자신감이 있다,자신감 있다
1952,그는 생일 선물로 강아지를 원했다,사랑스럽다,애완동물을 좋아한다
1953,그는 그녀에게 총을 쐈다,위험하다,위협적이다
1954,그는 어쨌든 그것을 받아들였다,태도가 융통성이 있다,태평스럽다
1955,그는 바닥에 물을 엎질렀다,어설프다,어리석다
1956,그는 학교를 결석했다,무책임하다,게으르다
1957,그는 완벽한 집을 찾았다,운이 좋다,운이 좋다
1958,그는 일찍 왔다,성실하다,성실하다
1959,그는 온라인에서 한 여자를 만났다,사랑에 빠졌다,흥분하다
1960,그는 어쨌든 그는 노력했다,노력한다,열정적이다
1961,그에게서는 헛간 냄새가 났다,시고다,시고다
1962,그는 누수를 해결했다,능력있다,능력있다
1963,그는 새 것이 필요했다,만족스럽지 않다,만족스럽다
1964,그는 휴대폰을 잊어버렸다,부주의하다,어리석다
1965,그는 자신을 홍보했다,자신에 대해 자만심이 강하다,자만심이 강하다
1966,그는 고양이를 키우고 싶어했다,애완동물을 좋아한다,애완동물을 좋아한다
1967,그는 누군가를 보내었다,이타적이다,관대하다
1968,그는 시험에 떨어졌다,실망스럽다,실망하다
1969,그는 정시에 도착했다,신뢰할 만하다,신뢰할 만하다
1970,그는 열쇠를 잃어버렸다,어리석다,당황하다
1971,그는 책에 대해 자세히 설명했다,지식이 풍부하다,지식 있다
1972,그는 휴대폰을 분실했다,부주의하다,흩어지다
1973,그는 실수로 액체를 부었다,어설프다,어리둥절하다
1974,그는 가방을 들고 학교에 갔다,학생,열심히 공부한다
1975,그는 새 집을 구입했다,행복하다,부유하다
1976,그는 무사히 착륙했다,숙련된 비행사,안전하다
1977,그는 좋아하는 노래를 들었다,기쁘다,행복하다
1978,그는 아이스크림을 받았다,기뻐하다,기뻐한다
1979,그는 책을 가져왔다,지식이 많다,지적이다
1980,그는 스스로 청소했다,깨끗이하다,꼼꼼하다
1981,그는 그녀를 응시했다,호감이 있다,호기심 많다
1982,그는 새로운 친구를 만났다,사교적이다,즐겁다
1983,그는 친구에게 문자를 보내었다,사교적이다,소외되다
1984,그는 신용 카드를 신청했다,경제적으로 불안하다,경제적이다
1985,그는 경찰차를 봤다,경계심이 많다,불안하다
1986,그는 보고서를 제출했다,책임감이 있다,책임감 있다
1987,그는 그녀에게 그것을 줬다,관대하다,관대하다
1988,그의 코가 부러졌다,다치다,아프다
1989,그는 더 잘 먹었다,배고프다,배고프다
1990,그는 그의 말이 일리가 있었다,이성적이다,이성적이다
1991,그는 점점 추워지고 있었다,춥다,춥다고 느낀다
1992,그는 독감에 걸렸다,아프다,아픈다
1993,그는 여동생에게 전화했다,관심을 가지고 있다,배려심 있다
1994,그는 바나나를 먹었다,영양을 중요시한다,건강하다
1995,그는 최근에 이혼했다,슬프다,슬프다
1996,그는 신문을 받았다,정보에 관심이 많다,정보에 관심이 많다
1997,그는 페이스북에서 게임을 찾았다,게임을 좋아한다,흥미롭다
1998,그는 연주를 시작했다,예술적이다,재능 있다
1999,그는 바로 왔다,빠르다,빠르다
2000,그는 최근에 만났다,새로운 사람이다,친근하다
2001,그는 새 애완동물이 생겼다,새로운 책임감이 생겼다,행복하다
2002,그는 미소를 지었다,기쁘다,행복하다
2003,그는 직장에서 해고당했다,실망스럽다,좌절하다
2004,그는 그녀와 함께 놀았다,즐거워 보인다,즐겁다
2005,그는 다음 날 등교했다,책임감이 있다,건강하다
2006,그는 뉴욕으로 카메라를 가져갔다,여행을 좋아한다,사진을 좋아한다
2007,그는 섹터에서 차량을 발견했다,근면하다,의심스럽다
2008,그는 제품이나 서비스를 마케팅하고 판매했다,광고에 능숙하다,사업-minded
2009,그는 정말 화가 났다,격분한 모습이다,분노하다
2010,그는 자신에 대해 이야기하고 있었다,자기 중심적이다,자기중심적이다
2011,그는 경고를 받았다,경솔하다,경솔하다
2012,그는 좋아하는 밴드의 콘서트를 보러 갔다,음악을 좋아한다,흥분하다
2013,그는 드디어 찾았다,기뻐하다,안도하다
2014,그는 바닥에 맥주를 엎질렀다,어설프다,어수룩하다
2015,그는 더 건강해졌다,건강하다,활기차다
2016,그는 죄를 사했다,참회한다,참회한다
2017,그는 예쁘게 생겼다,매력적이다,매력적이다
2018,그는 쥐를 잡았다,총명하다,용감하다
2019,그는 쿠키를 먹었다,식욕이 있다,만족하다
2020,그는 딸과 대화를 나눴다,가정적이다,사랑스럽다
2021,그는 테스트 결과가 나올 때까지 기다렸다,인내심이 강하다,인내심 있다
2022,그는 그녀에게 매우 못되게 굴었다,심술궂다,무례하다
2023,그는 인터넷을 확인했다,현대적이다,궁금하다
2024,그는 그녀에게 빚을 졌다,무책임하다,불성실하다
2025,그는 잠을 잘 자지 못했다,피곤하다,피곤하다
2026,그는 멋진 하루를 보내었다,만족스럽다,행복하다
2027,그는 어젯밤에 잠이 들었다,평온하다,피곤하다
2028,그는 경고와 함께 폭죽을 터뜨렸다,무책임하다,무모하다
2029,그는 그날 밤 집으로 돌아갔다,조용하고 신중하다,피곤하다
2030,그는 스스로를 질책했다,자책하다,자책한다
2031,그는 어젯밤에 책을 다 읽었다,열정적이다,열정적이다
2032,그는 참석하고 싶어 했다,사교적이다,사교적이다
2033,그는 덜 먹었다,식욕이 없다,먹을 많이 먹지 않다
2034,그는 결국 포기했다,낙심한 모습이다,좌절하다
2035,그는 나무를 두드렸다,근면하다,근면하다
2036,그는 여행을 좋아했다,모험적이다,모험심이 강하다
2037,그는 학교 갈 준비를 했다,교육을 중요시한다,꾸준하다
2038,그는 화난 것 같았다,짜증이 나잖아,짜증 나다
2039,그는 웨이터에게 물었다,호기심이 많다,호기심 많다
2040,그는 개구리를 발견했다,호기심이 많다,궁금하다
2041,그는 몇 시간 동안 플레이했다,게임에 몰두하는 편이다,게으르다
2042,그는 집에 피자를 배달했다,편의를 중시한다,게으르다
2043,그는 맛있었다고 했다,솔직하다,식에 귀하다
2044,그는 함께 퍼즐을 맞추고 있었다,협동적이다,즐겁다
2045,그는 수업 용지를 제공했다,관대하다,관대하다
2046,그는 집에 가는 길에 초콜릿을 살았다,달콤한 것을 좋아한다,달콤하다
2047,그는 새 책을 읽었다,호기심이 많다,지적이다
2048,그는 제 지갑을 찾았다,안도하다,안도하다
2049,그는 가방을 챙겼다,여행을 갔다,여행간다
2050,그는 비용을 절감했다,경제적이다,현명하다
2051,그는 견인차를 불렀다,도움이 필요하다,도움이 필요하다
2052,그는 시리얼을 먹었다,간단한 식사를 선호한다,아침식사를 한다
2053,그는 울음을 그쳤다,감정을 숨기려고 노력한다,감동적이다
2054,그는 길고양이 한 마리를 발견했다,동물을 좋아하다,친근하다
2055,그는 방망이를 휘둘렀다,분노에 찬다,공격적이다
2056,그는 학교에 가야 했다,책임감이 있다,규칙적이다
2057,그는 남자 친구를 초대했다,관대하다,사교적이다
2058,그는 자외선 차단제를 발랐다,건강을 중요시한다,건강을 생각한다
2059,그는 자위했다,혼자서 시간을 보냈다,개인적이다
2060,그는 새 문신을 새겼다,대담하다,대담하다
2061,그는 대신 낮잠을 자고 있었다,피곤하다,피곤하다
2062,그는 그것을 그녀의 엄마에게 줬다,관대하다,친절하다
2063,그는 드디어 돌아왔다,기쁘다,기쁘다
2064,그는 집을 떠나 이사를 갔다,새로운 시작을 원한다,새로운 시작을 한다
2065,그는 그녀를 실격처리했다,무자비하다,무자비하다
2066,그는 자고 싶어 했다,피곤하다,피곤하다
2067,그는 머리를 잘랐다,변화를 원한다,대담하다
2068,그는 그 사람에게 말했다,직접적이다,친절하다
2069,그는 동영상을 업로드했다,창의적이다,유명하다
2070,그는 드디어 돈을 모았다,노력이 많다,노력한다
2071,그는 어젯밤에 잠을 잤다,평범하다,피곤하다
2072,그는 문제를 해결했다,능력이 있다,능력 있다
2073,그는 음료수를 엎질렀다,어설프다,어설프다
2074,그는 총알을 맞았다,위험에 처한 상황이다,위험하다
2075,그는 소 잃고 외양간을 고쳤다,비현실적이다,현명하다
2076,그는 학교를 마치고 집으로 돌아갔다,일상적이다,피곤하다
2077,그는 예약을 했다,계획적이다,철저하다
2078,그는 친구들과 함께 놀았다,사교적이다,즐겁다
2079,그는 암 진단을 받았다,불안해 보인다,불행하다
2080,그는 직불 카드를 사용했다,현금이 부족하다,경제적이다
2081,그는 아이처럼 느껴졌다,순수하다,순수하다
2082,그는 잘 맞았다,정확하다,친화력이 좋다
2083,그는 마침내 왔다,기다리던 중이었다,기대되다
2084,그는 중얼거렸다,불만스럽다,혼란스럽다
2085,그는 가족을 방문했다,친밀하다,다정하다
2086,그는 친구들과 볼링을 치러 갔다,사교적이다,즐겁다
2087,그는 최근에 등록했다,새로운 것을 시도한다,새롭다
2088,그는 운전 면허증을 갱신했다,책임감이 있다,책임감 있다
2089,그는 셔츠를 구입했다,쇼핑을 좋아한다,세련되다
2090,그는 엄마한테 전화했다,친숙하다,다정하다
2091,그는 숨바꼭질을 했다,장난기가 많다,장난기가 많다
2092,그는 관심이 있어 보였다,호기심이 많다,호기심 많다
2093,그는 지갑을 떨어뜨렸다,부주의하다,낙담하다
2094,그는 새 영화를 시청했다,영화광이다,흥분하다
2095,그는 덩크슛을 터뜨렸다,운동 실력이 뛰어나다,강력하다
2096,그는 다음날 찾아왔다,인내심이 강하다,집요하다
2097,그는 숙제를 잊어버렸다,부주의하다,부주의하다
2098,그는 너무 시끄럽었다,짜증이 났다,걱정스럽다
2099,그는 곧 돌아왔다,빠르다,빠르다
2100,그는 운전하는 법을 배웠다,독립심이 강하다,자립적이다
2101,그는 숙제를 돌려받았다,게으르다,성실하다
2102,그는 엄마를 찾았다,안정적이다,안심되다
2103,그는 그냥 눈을 데굴데굴 굴렸다,무관심해 보인다,심심하다
2104,그는 애완동물을 키우고 싶어했다,다정하다,사랑스럽다
2105,그는 바이올린 연주법을 배웠다,예술적이다,재능 있다
2106,그는 나무 위의 집을 지었다,창의적이다,창의적이다
2107,그는 무대 위로 걸어갔다,자신감이 있다,자신감 있다
2108,그는 불을 가지고 놀았다,위험하다,무모하다
2109,그는 정말 이상한 기분을 느꼈다,불안하다,혼란스럽다
2110,그는 친구들과 수영하러 갔다,사교적이다,즐겁다
2111,그는 발언자를 공격했다,공격적이다,공격적이다
2112,그는 아이스크림 트럭 소리를 들었다,달콤한 것을 좋아한다,기쁘다
2113,그는 간식을 먹었다,배고프다,배고프다
2114,그는 공을 되찾았다,끈질길다,능력 있다
2115,그는 쥐를 애완동물로 키웠다,이상하다,이상하다
2116,그는 어른이 된 기분였다,책임감이 있다,자부심에 차다
2117,그는 그녀에게 이유를 설명했다,솔직하다,이해심 있다
2118,그는 누군가에게 물었다,호기심이 많다,호기심 많다
2119,그는 새 신발 한 켤레를 선물받았다,기쁘다,행복하다
2120,그는 사진을 게시했다,자신에게 자신감이 있다,자신감 넘친다
2121,그는 시리얼을 먹고 싶어했다,아침식사를 거르고 싶어했다,달콤하다
2122,그는 친구들과 함께 춤을 추웠다,즐거워하다,즐겁다
2123,그는 금요일에 수학 시험이 있었다,열심히 공부하는 것 같다,열심히 공부한다
2124,그는 반지를 들고 있었다,결혼했다,부유하다
2125,그는 데이트 상대에게 키스했다,로맨틱하다,대담하다
2126,그는 알람을 설정했다,책임감이 있다,일찍 일어난다
2127,그는 케이크를 만들고 싶어 했다,창의적이다,달콤하다
2128,그는 스케이트를 신었다,유연하다,능숙하다
2129,그는 운동을 좀 했다,건강하다,건강하다
2130,그는 애완 고양이가 있었다,애완동물을 좋아한다,동물을 사랑한다
2131,그는 괴롭힘을 당했다,불쌍하다,상처받다
2132,그는 동굴을 발견했다,탐험가다,탐험가
2133,그는 체중이 약간 줄었다,건강하다,건강하다
2134,그는 자전거 타는 법을 배웠다,새로운 것을 배우는 데 열정적이다,능숙하다
2135,그는 그녀의 입에 신음 소리를 내었다,섹시하다,충격을 받다
2136,그는 부업을 하고 있었다,부지런하다,바쁘다
2137,그는 내일 영어 시험이 있었다,걱정스럽다,불안하다
2138,그는 친구에게 전화를 겄다,사교적이다,사교적이다
2139,그는 고양이에게 우유를 줬다,관대하다,친근하다
2140,그는 항상 술을 마셨다,중독되어 있다,음주가무를 한다
2141,그는 새 상사가 생겼다,새로운 도전을 감행하다,기쁘다
2142,그는 새 휴대폰을 원했다,현대적이다,탐욕스럽다
2143,그는 새 드레스를 원했다,사치스럽다,사치스럽다
2144,그는 체력이 회복되었다,활기차다,활기차다
2145,그의 학기가 시작되었다,바쁘다,기대된다
2146,그는 상상의 여지를 남겨두지 않았다,명확하다,확고하다
2147,그는 야옹 소리를 들었다,호기심 많다,귀엽다
2148,그는 스웨터를 구입했다,적극적이다,춥다
2149,그는 자신도 모르게 곤경에 빠졌다,어려움에 처했다,초조하다
2150,그는 기프트 카드를 구매했다,선물을 좋아한다,선물을 좋아한다
2151,그는 많이 다쳤다,상처를 받았다,불쌍하다
2152,그는 낯빛이 녹색으로 변했다,몹시 놀랐다,아파한다
2153,그는 탐탁지 않아하는 그녀를 설득했다,설득력이 있다,논리적이다
2154,그는 프로필을 만들었다,사교적이다,자기 홍보를 한다
2155,그는 나중에 그녀와 합류했다,뒤떨어지다,결단력 있다
2156,그는 체스를 두는 법을 배웠다,지적이다,전략적이다
2157,그는 머리를 새로 잘라야 했다,변화를 추구한다,변화를 추구한다
2158,그는 잠드는 데 어려움을 겪었다,불안하다,피곤하다
2159,그는 드레스를 갈아입었다,변심이 많다,우아하다
2160,그는 그녀의 뒤에서 왔다,몰래 다가왔다,의심스럽다
2161,그는 도와달라고 비명을 질렀다,위급한 상황에 처했다,절박하다
2162,그는 트럭 뒤에서 떨어졌다,위험을 무릅쓴다,부주의하다
2163,그는 꿈에 그리던 직장에 취직했다,성공적이다,만족하다
2164,그는 주차장에서 쓰레기를 발견했다,환경을 중요시한다,환경을 중요시한다
2165,그는 샌드위치를 만들고 싶어 했다,배고프다,배고프다
2166,그는 스스로를 칭찬했다,자만심이 강하다,자만심이 강하다
2167,그는 몸을 말렸다,운동을 좋아한다,건강에 신경쓴다
2168,그는 고양이를 입양했다,관대하다,애완동물을 좋아한다
2169,그는 그룹에 컴퓨터를 할당했다,기술적이다,유능하다
2170,그는 개 짖는 소리를 들었다,경계심이 많다,경계심이 많다
2171,그는 기분이 나아지고 있었다,희망적이다,희망차다
2172,그는 옛날 것을 판매했다,고전을 좋아한다,과거를 사랑한다
2173,그는 모퉁이를 돌아 나왔다,새로운 시작을 한다,놀라다
2174,그는 가족을 초대했다,친근하다,친근하다
2175,그는 낯익은 얼굴였다,친근하다,익숙하다
2176,그는 첫 번째 게임에서 패배했다,경쟁심이 강하다,실망하다
2177,그는 케이크를 가져왔다,친절하다,달콤하다
2178,그는 멋진 여행을 보내었다,행복하다,행복하다
2179,그는 나쁜 소식이 있었다,걱정스럽다,우울하다
2180,그는 부주의하고 통제불능였다,무책임하다,무책임하다
2181,그는 접근 금지 명령을 받았다,위험하다,위험하다
2182,그는 수영하는 법을 배웠다,새로운 기술을 습득했다,능숙하다
2183,그는 즐거운 여행을 보내었다,행복하다,행복하다
2184,그는 그림 그리는 법을 배웠다,창의적이다,예술적이다
2185,그는 카약을 타러 갔다,모험을 즐긴다,모험적이다
2186,그는 새 셔츠를 구입했다,새로운 것을 좋아한다,자신있다
2187,그는 기분이 훨씬 좋아지기 시작했다,기쁘다,행복하다
2188,그는 샤워를 했다,깨끗하다,깨끗하다
2189,그는 그녀에게 무언가를 줬다,관대하다,관대하다
2190,그가 대학에 입학한 첫날였다,설레고 긴장되어 보인다,신났다
2191,그는 대화를 시작했다,사교적이다,사교적이다
2192,그는 비행기를 놓쳤다,실망스럽다,서둘러야 한다
2193,그는 나중에 자세히 설명했다,설명을 잘한다,이해심 있다
2194,그는 학교 정학을 당했다,불운하다,억울하다
2195,그는 채널을 변경했다,지루하다,지루하다
2196,그는 지갑을 찾았다,운이 좋다,안도하다
2197,그는 다른 사람을 도왔다,친절하다,친절하다
2198,그는 견인차를 불러야 했다,문제를 해결하는 데 도움이 필요하다,괴롭다
2199,그는 휴대폰을 구입했다,현대적이다,행복하다
2200,그는 콘서트를 보러 갔다,음악을 좋아한다,흥분하다
2201,그는 다른 이들을 실망시키고 화나게 했다,무책임하다,자기중심적이다
2202,그는 타는 냄새를 맡았다,예민하다,신중하다
2203,그는 학교 가는 차를 놓쳤다,당황스럽다,서둘러야 한다
2204,그는 누군가 문을 두드리는 소리가 들렸다,경계심이 많다,궁금하다
2205,그는 학교에 가고 싶어했다,열정적이다,열정적이다
2206,그는 아기가 생겼다,부모다,행복하다
2207,그는 바닥을 쓸어내렸다,꼼꼼하다,꼼꼼하다
2208,그는 집에 갈 준비가 되었다,편안하다,편안하다
2209,그는 제 가방을 챙겼다,신중하다,신중하다
2210,그는 항공편을 예약했다,여행을 계획하고 있다,여행을 좋아한다
2211,그는 트럭을 타고 식료품 쇼핑을 하러 갔다,절약을 중시한다,헬퍼적이다
2212,그는 직장에서 승진을 하게 되었다,능력있다,자랑스럽다
2213,그는 제 개를 산책시켰다,책임감이 있다,친절하다
2214,그는 누군가를 때렸다,공격적이다,폭력적이다
2215,그는 상대적으로 창백했다,아프다,아프거나 불안하다
2216,그는 곧 이사했다,바쁘다,바쁘다
2217,그는 달을 따달라고 요구했다,이성적이지 않다,이성적이지 않다
2218,그는 두 자녀가 있었다,부모다,책임감 있다
2219,그는 안경을 잃어버렸다,분실물에 조심하지 않다,당황하다
2220,그는 자동차 키를 찾았다,창의적이다,안도하다
2221,그는 그녀라는 절친한 친구가 있었다,충실하다,행복하다
2222,그는 목적지에 도착했다,목적을 이루었다,성공하다
2223,그는 달에 깃발을 세웠다,혁신적이다,용감하다
2224,그의 집에서 파티가 열렸다,사교적이다,환대한다
2225,그는 새 안경을 구입했다,변화를 추구한다,세련되다
2226,그는 아기를 입양했다,따뜻하고 관대하다,따뜻하다
2227,그는 어느 날 집으로 걸어갔다,운동을 좋아한다,건강하다
2228,그는 잠시 휴식을 취했다,피곤하다,피곤하다
2229,그는 그만두고 싶다고 했다,좌절한 것 같다,지치다
2230,그는 문신을 새겼다,대담하다,대담하다
2231,그는 제 머리를 잘랐다,용기가 있다,용감하다
2232,그는 약속을 놓쳤다,부주의하다,부주의하다
2233,그는 깜짝 선물을 받았다,기쁘다,감동받다
2234,그는 정말 재미있었다,유쾌하다,즐겁다
2235,그는 초등학교 교사였다,인내심이 많다,인내심 있다
2236,그는 그녀에게 정말 상처를 줬다,무례하다,무례하다
2237,그는 고양이를 구조했다,친절하다,친절하다
2238,그는 학교를 위해 식료품을 사러 갔다,성실하다,책임감 있다
2239,그는 욕실을 리모델링했다,집을 꾸미다,꼼꼼하다
2240,그는 새 애완동물을 구입했다,새로운 책임감이 생겼다,관대하다
2241,그가 그녀를 데리러 갔다,로맨틱하다,로맨틱하다
2242,그는 잠을 좀 잤다,피곤하다,피곤하다
2243,그는 그녀를 다시 바라봤다,사랑에 빠지다,사랑에 빠지다
2244,그는 그녀의 집에서 파티가 있었다,사교적이다,활발하다
2245,그는 그녀의 문을 두드렸다,사과하려고 한다,용감하다
2246,그는 밖에서 노는 것을 좋아했다,사교적이다,활발하다
2247,그는 그의 구두닦이 박스를 받았다,자선심이 많다,감사하다
2248,그는 학교를 마치고 집으로 걸어갔다,꾸준하다,피곤하다
2249,그는 스스로 목숨을 끊었다,절망적이다,절망적이다
2250,그는 정말 멋져 보였다,자신감이 있다,자신감 넘친다
2251,그는 사탕을 원했다,달콤하다,달콤하다
2252,그는 그녀에게 너무 비쌌다,인색하다,탐욕스럽다
2253,그는 바느질하는 법을 배우고 싶어했다,꾸준하고 인내심이 있다,창의적이다
2254,그는 할머니에게 물어봤다,예의바르다,예의바르다
2255,그는 남자친구와 말다툼을 벌였다,화 잘 내는 편이다,화나다
2256,그는 지푸라기라도 잡는 심정였다,극도로 필요로 하는 상황에 처해 있다,근심스럽다
2257,그는 영화 보러 가고 싶어했다,즐거워 보인다,즐겁다
2258,그는 병원으로 급히 이송해야 했다,위급한 상황에 처했다,위급하다
2259,그도 자신을 봤다,자기를 이해하고 있다,자기 중심적이다
2260,그는 곧 시험이 있었다,긴장되어 있다,긴장하다
2261,그는 결국 그만뒀다,포기한다,실망하다
2262,그는 새로운 취미를 찾았다,호기심이 많다,호기심 많다
2263,그는 저녁 식사에 초대했다,사교적이다,친절하다
2264,그는 할아버지와 함께 낚시를 하러 갔다,가족을 소중히 여긴다,친근하다
2265,그는 친구가 많지 않았다,외로움을 느낀다,외롭다
2266,그는 어느 날 일을 그만뒀다,변화를 추구한다,결단력이 있다
2267,그는 방과 후에도 학교에 남아 있었다,열심히 공부한다,열심히 공부한다
2268,그는 집에 가서 잠자리에 들었다,피곤하다,피곤하다
2269,그는 새 남자친구가 생겼다,새로운 시작을 하고 있다,행복하다
2270,그는 깊은 심호흡을 했다,진정되다,진정하다
2271,그는 새 전자 레인지를 구입했다,현대적이다,요리를 좋아한다
2272,그는 더 가까워진 느낌였다,친밀감을 느끼게 했다,친근하다
2273,그는 전화벨 소리가 들렸다,궁금하다,기대한다
2274,그는 새 배터리를 구입했다,신뢰할 만하다,현명하다
2275,그는 목소리를 잃었다,말이 없다,당황하다
2276,그는 함께 노래했다,사교적이다,즐겁다
2277,그는 고양이에게 먹이를 먹였다,동물 애호가다,관대하다
2278,그는 시간을 확인했다,조직적이다,조급하다
2279,그는 함께 함정을 건설했다,교활하다,교활하다
2280,그는 공격을 시작했다,공격적이다,적대적이다
2281,그는 어디에서나 착용했다,자신을 표현하는 데 신경을 쓴다,스타일리시하다
2282,그는 자신의 의무를 소홀히 했다,부주의하다,부주의하다
2283,그는 뮤직 비디오를 시청했다,즐거워하다,즐겁다
2284,그는 그녀에게 개요를 소개했다,사교적이다,친절하다
2285,그는 읽을 책을 찾았다,지적이다,호기심 많다
2286,그는 스스로 그만뒀다,결단력이 있다,결단력 있다
2287,그는 아마존에서 음악을 주문했다,편안한 쇼핑을 즐긴다,음악을 좋아한다
2288,그는 현장 학습 중였다,호기심이 많다,경험을 추구한다
2289,그는 엉덩이를 흔들었다,춤을 춘다,유쾌하다
2290,드디어 그의 차례였다,기대하고 있었다,기대된다고 보인다
2291,그는 그녀의 뒤를 흘끗 쳐다봤다,호기심 많다,호기심 많다
2292,그는 자신의 자리를 찾았다,안정된다,안심하다
2293,그는 확인하러 갔다,신중하다,꼼꼼하다
2294,그는 사실이라고 하기에는 너무 좋은 사람였다,너그럽다,완벽하다
2295,그는 제 머리 위로 떨어졌다,운이 나쁘다,운이 없다
2296,그는 동물원을 방문했다,호기심 많다,동물을 사랑한다
2297,그는 그것을 어디에서도 찾을 수 없었다,절망적이다,단단하다
2298,그는 함께 플레이했다,사교적이다,친근하다
2299,그는 결혼을 앞두고 있었다,행복해 보인다,행복하다
2300,그는 그의 다리를 뻗었다,편안해 보인다,편안하다
2301,그는 소년에게 물었다,호기심이 많다,호기심 많다
2302,그는 검을 들었다,강렬하다,용감하다
2303,그는 잠을 자려고 했다,피곤하다,피곤하다
2304,그는 집안 곳곳을 살펴봤다,의심스럽다,호기심 많다
2305,그는 공원에서 공을 찾았다,친절하다,즐겁다
2306,그는 농구 덩크슛을 했다,운동 실력이 뛰어나다,운동이 잘 된다
2307,그는 캐나다를 방문했다,여행을 좋아한다,여행을 좋아한다
2308,그는 또한 지켜봤다,의심스럽다,교묘하다
2309,그는 그의 이름이 찍혔다,유명하다,유명하다
2310,그는 새 오토바이를 구입했다,부유해 보인다,부유하다
2311,그는 피를 흘리기 시작했다,다친 것 같다,위험하다
2312,그는 새 헤드폰을 구입했다,소비욕이 강하다,음악을 좋아한다
2313,그는 가능성을 높였다,미래를 위해 준비하고 있다,자신감 있다
2314,그는 룸메이트에게 물어봤다,사교적이다,호기심 많다
2315,그는 그녀에게 혀를 내밀었다,무례하다,무례하다
2316,그는 그녀를 노려봤다,호감이 있다,호기심 많다
2317,그는 음식을 주문했다,배고프다,배고프다
2318,그는 그녀를 태워버렸다,친절하다,친절하다
2319,그는 클라리넷을 연주했다,음악적이다,재능 있다
2320,그는 온라인 데이트를 시도했다,현대적이다,혼자 있다
2321,그는 신용 카드를 받았다,신용도가 높다,부유하다
2322,그는 파티에 가려고 했다,사교적이다,즐겁다
2323,그는 휴대폰을 두고 갔다,부주의하다,희망이 없다
2324,그는 새 책을 구입했다,호기심이 많다,책을 좋아한다
2325,그는 벌에 쏘였다,고통스럽다,아프다
2326,그는 시끄러운 소리가 들었다,귀에 민감하다,귀찮다
2327,그는 주차 공간을 찾았다,운이 좋다,운이 좋다
2328,그는 배달 음식을 주문했다,게으르다,게으르다
2329,그는 시끄러운 소리를 내었다,귀찮다,시끄럽다
2330,그는 정말 목이 말랐다,갈증이 있다,갈증을 느낀다
2331,그는 새 타이어를 구입했다,차를 관리하다,신중하다
2332,그는 책의 결말을 들었다,호기심이 많다,궁금하다
2333,그는 항상 배고팠다,항상 식욕이 왕성하다,먹고 싶다
2334,그는 깃발을 보여줬다,자부심이 강하다,자부심에 차다
2335,그는 서핑을 배웠다,모험을 즐긴다,능숙하다
2336,그는 할인을 받았다,절약을 중요시한다,절약한다
2337,그는 내 발목을 다치게 했다,나를 해치려고 한다,나를 싫어한다
2338,그는 윙크했다,유머러스하다,권유한다
2339,그는 데이트를 주선했다,로맨틱하다,로맨틱하다
2340,그는 의사와 약속을 잡았다,건강에 신경을 쓴다,건강하다
2341,그는 천둥소리를 들었다,놀랍다,겁쟁이
2342,그는 물을 충분히 마셨다,건강에 신경을 쓴다,건강하다
2343,그는 토할 것 같았다,메스꺼워하는 모습이다,아프거나 불쾌하다
2344,그는 그럴지도 모른다고 생각했다,무관심하다,의심스럽다
2345,그는 사탕을 먹었다,달콤하다,달콤하다
2346,그는 심하게 아팠다,고통을 겪었다,지치다
2347,그는 메인 브레이스를 연결했다,신중하다,열심히 일한다
2348,그는 엉덩방아를 찧었다,어설프다,아프다
2349,그는 가족을 찾았다,감동적이다,행복하다
2350,그는 매니저에게 말했다,의견을 표현하다,자신감 있다
2351,그는 공을 떨어뜨렸다,부주의하다,어설프다
2352,그는 지능이 증가했다,똑똑해졌다,현명하다
2353,그는 수업에 제출할 에세이를 작성했다,열심히 공부하는 학생,열심히 공부한다
2354,그는 꼬리를 흔들었다,친근하다,기쁘다
2355,그는 리본을 획득했다,성취감이 있다,자랑스럽다
2356,그는 직장을 그만뒀다,변화를 추구하다,자유롭다
2357,그는 그녀가 엄청나게 귀엽다고 생각했다,로맨틱하다,사랑에 빠지다
2358,그는 차에 치였다,다친 것 같다,다치다
2359,그는 어젯밤에 TV를 시청했다,TV 중독자다,게으르다
2360,그도 그녀를 봤다,놀라다,당황하다
2361,그는 아내에게 물었다,호기심이 많다,호기심 많다
2362,그는 곧 등장할 예정였다,기대되다,기대된다
2363,그는 함께 영화를 감상했다,사교적이다,즐겁다
2364,그는 에세이를 작성했다,창의적이다,교양 있다
2365,그는 장난감을 공유했다,관대하다,친절하다
2366,그는 이상한 소리를 내었다,이상하다,미치다
2367,그는 자신을 비웃고 있었다,자기 비하를 하는 경향이 있다,자기 비하한다
2368,그는 완벽한 짝을 찾았다,만족스럽다,행복하다
2369,그는 운전 중에 문자를 보내었다,무책임하다,위험하다
2370,그는 학교를 그만뒀다,후회하다,결정적이다
2371,그는 머리를 다르게 자르고 싶어했다,변화를 원한다,변화를 추구한다
2372,그는 혀를 내밀었다,흥분했다,장난기가 많다
2373,그는 방과 후에 그녀와 싸웠다,화를 내다,화나다
2374,그는 처음으로 투표를 했다,시민적 의무를 다한다,책임감 있다
2375,그는 징그러워 보였다,역겨워 보인다,불쾌하다
2376,그는 딸을 찾았다,감동적이다,감동적이다
2377,그는 레시피를 찾았다,요리에 관심이 많다,만족하다
2378,그는 새로운 악기를 배웠다,열정적이다,열정적이다
2379,그는 제가 가장 좋아하는 프로그램을 시청했다,관대하다,이해심 깊다
2380,그는 지저분해졌다,방심했다,부랄하다
2381,그는 새 친구가 필요했다,외로움을 느끼다,외롭다
2382,그는 도둑을 잡았다,용감하다,용감하다
2383,그는 오른쪽으로 착지했다,우측으로 기울어진다,안정되다
2384,그는 공을 패스했다,협동심이 강하다,협동적이다
2385,그는 씻어야 했다,냄새가 난다,더럽다
2386,그는 강아지를 입양했다,관대하다,관대하다
2387,그는 고개를 끄덕였다,동의하다,찬성한다
2388,그는 주위를 킁킁거렸다,냄새를 싫어한다,냄새에 민감하다
2389,그는 집세를 늦게 내었다,불성실하다,부주의하다
2390,그는 그녀에게 못되게 굴었다,무례하다,심술궂다
2391,그는 학교를 마치고 집에 돌아왔다,지친 모습이다,피곤하다
2392,그는 바나나 껍질에 미끄러졌다,조심성이 없다,어설프다
2393,그는 지친 기색이 역력했다,피곤해 보인다,피곤하다
2394,그는 학교 공부도 아주 잘했다,똑똑하다,똑똑하다
2395,그는 땅콩버터 샌드위치를 만들었다,창의적이다,창의적이다
2396,그는 그녀를 열심히 바라봤다,사랑에 빠졌다,짝사랑 한다
2397,그는 이상한 소리를 들었다,의심스럽다,놀라다
2398,그는 다음에는 빨래를 했다,청결하다,꼼꼼하다
2399,그는 이제 기분이 훨씬 나아졌다,안도하다,즐겁다
2400,그는 노크 소리가 들렸다,경계심이 많다,궁금하다
2401,그는 친구들에게 자랑하기도 했다,자만심이 강하다,자부심이 강하다
2402,그는 생일 축하한다고 했다,친절하다,친절하다
2403,그는 다리가 부러졌다,다치거나 불행해 보인다,아프다
2404,그는 버스를 타고 학교에 갔다,학생이다,일반적이다
2405,그는 안전벨트를 착용했다,안전을 중요시한다,안전하다
2406,그는 그녀를 놀리고 있었다,괴롭힌다,장난기 많다
2407,그는 아기가 태어날 예정였다,기쁘다,흥분하다
2408,그는 일찍 잠이 들었다,피곤하다,피곤하다
2409,그는 전에는 한 번도 타본 적이 없었다,경험이 부족하다,경험이 부족하다
2410,그는 다른 쪽 다리를 당겼다,다리가 아프다,절뚝거린다
2411,그는 그녀의 찬장을 들여다봤다,호기심이 많다,호기심 많다
2412,그는 체크 아웃했다,떠났다,떠난다
2413,그는 결국 깨달았다,지혜롭다,현명하다
2414,그는 현금을 받았다,현금이 필요하다,부유하다
2415,그는 새 책상이 필요했다,필요가 있다,바쁘다
2416,그는 기타 연주법을 배웠다,예술적이다,재능 있다
2417,그는 방울뱀을 봤다,궁금해하다,겁에 질리다
2418,그는 질문에 답했다,적극적이다,지식이 풍부하다
2419,그는 집처럼 편안했다,안락하다,안정되다
2420,그는 새 지갑을 구입했다,사치스럽다,부자
2421,그는 케이블을 서로 연결했다,연결되다,기술적이다
2422,그는 신경치료가 필요했다,스트레스를 많이 받고 있다,스트레스 받다
2423,그는 이를 갈았다,꾸준하다,열심히 일한다
2424,그는 새 드레스가 필요했다,쇼핑을 좋아한다,화려하다
2425,그는 도움이 필요했다,취약하다,취약하다
2426,그는 나뭇잎 사이를 휘젓고 다녔다,자유로워 보인다,자연을 사랑한다
2427,그도 눈치챘었다,영리하다,영리하다
2428,그는 점심을 잊어버렸다,망각력이 좋지 않다,바쁘다
2429,그는 새끼 고양이를 발견했다,애정심이 많다,다정하다
2430,그는 학교에 가는 중였다,교육을 중요하게 생각한다,교육을 중요시한다
2431,그는 새 비디오 게임을 구입했다,게임을 좋아한다,즐겁다
2432,그는 기분이 매우 좋지 않았다,우울하다,우울하다
2433,그는 차선을 변경했다,운전을 무책임하게 한다,운전을 거치다
2434,그는 댄스 수업에 참여했다,유연하다,유연하다
2435,그는 이발을 했다,깔끔하다,깔끔하다
2436,그는 장바구니 목록을 작성했다,계획적이다,철저하다
2437,그는 갈퀴를 밟았다,아픕니다,고통받다
2438,그는 친구가 생겼다,사교적이다,행복하다
2439,그는 색상을 마음에 들어했다,예술적이다,예술적이다
2440,그는 다음 날 출근했다,책임감이 있다,책임감 있다
2441,그는 두 살이 되었다,어린이다,더 자라다
2442,그는 그의 개가 그립었다,애정심이 깊다,사랑스럽다
2443,그는 남자친구에게 차였다,상처받은 것 같다,서럽다
2444,그는 시간을 알려줬다,친절하다,친절하다
2445,그는 지방을 씹어 먹었다,용감하다,건강에 해롭다
2446,그는 한잔하고 싶어 했다,스트레스를 받고 있다,스트레스 받다
2447,그는 넘어져 바닥을 깨었다,불운을 겪었다,불행하다
2448,그는 오른쪽으로 갔다,방향을 바꿨다,혼란스럽다
2449,그는 드디어 해내었다,끈기가 있다,끈기 있다
2450,그는 시간을 되돌렸다,불가능한 일을 했다,신비롭다
2451,그는 메시지를 남겼다,소통하다,소통을 중요시한다
2452,그는 사과를 먹었다,건강하다,건강하다
2453,그는 새 컴퓨터가 필요했다,현대적이다,현명하다
2454,그는 속이 메스껍었다,불편하다,불안하다
2455,그는 지갑을 잊어버렸다,부주의하다,난처하다
2456,그는 아마도라고 말했다,불확실하다,불확실하다
2457,그는 새 장난감이 생겼다,흥분하다,행복하다
2458,그는 밖에 나가고 싶어 했다,자유로워 보인다,자유롭다
2459,그는 답장을 받았다,기뻐하다,기쁘다
2460,그는 남편과 대화했다,이해심이 깊다,행복하다
2461,그는 그것을 집으로 가져갔다,탐욕스럽다,탐욕스럽다
2462,그는 쿵하는 소리를 들었다,놀라다,놀라다
2463,그는 손목을 삐끗했다,아프다,다치기 쉽다
2464,그는 허리가 부러졌다,다친 상태이다,고통스럽다
2465,그는 바닥에 우유를 엎질렀다,어설프다,어설프다
2466,그의 차례가 왔다,기대하다,긴장하다
2467,그는 메일을 받았다,기쁘다,기쁘다
2468,그는 햇볕에 심하게 탔다,햇볕을 좋아한다,어둡다
2469,그는 타이머를 설정했다,시간을 중요시한다,철저하다
2470,그는 펑크 난 타이어를 교체했다,능숙하다,털털하다
2471,그는 정말 배고팠다,굶주렸다,굶주리다
2472,그는 새 소파를 구입했다,소비욕이 강하다,부유하다
2473,그는 점심에는 샐러드를 먹었다,건강하다,건강하다
2474,그는 총을 집어들었다,위험하다,위험하다
2475,그는 낮잠을 잤다,피곤하다,피곤하다
2476,그는 그녀와 함께 아이들도 데리고 왔다,가족 중심이다,가정적이다
2477,그는 리모컨을 찾았다,기뻐하다,만족하다
2478,그는 신호등에서 멈췄다,따분하다,따른다
2479,그는 고약한 냄새가 났다,더럽다,몸이 지저분하다
2480,그는 소리를 내었다,화가 났다,화려하다
2481,그는 뱀을 발견했다,놀라다,두려워한다
2482,그는 식중독에 걸렸다,아프다,아픈다
2483,그는 처음에는 주저했다,망설이다,망설인다
2484,그는 팔꿈치를 구부렸다,피곤하다,피곤하다
2485,그는 새 차를 구입했다,부유하다,쾌활하다
2486,그는 몸이 아팠다,아픈 것 같다,피곤하다
2487,그는 새 애완동물을 키우고 싶어했다,사랑스럽다,사랑스럽다
2488,그는 손목에 차고 있었다,부유하다,부유하다
2489,그는 바지를 갈아입었다,깔끔하다,꾸미기 좋아한다
2490,그는 휴가를 가고 싶다고 했다,피곤하다,피곤하다
2491,그는 사용법을 배웠다,지능적이다,숙련되다
2492,그는 친구들에게 물어봤다,사교적이다,궁금하다
2493,그는 텐트를 접었다,캠핑을 즐긴다,정리정돈을 잘한다
2494,그는 우유를 엎질렀다,어설프다,어설프다
2495,그는 함께 집으로 돌아갔다,친구 같다,친근하다
2496,그는 케이블 서비스를 해지했다,절약을 중시한다,절약을 한다
2497,그는 스케이트를 배웠다,새로운 도전을 감행했다,민첩하다
2498,그도 병에 걸렸다,안타깝다,아프다
2499,그는 스누즈 버튼을 눌렀다,피곤하다,피곤하다
2500,그는 새 학교에서 새 출발을 했다,새로운 시작을 했다,기대한다
2501,그는 로션을 발랐다,자신에 대해 신경을 쓴다,향기롭다
2502,그는 아빠를 찾았다,안정감을 준다,안심하다
2503,그는 가구를 옮겼다,강인하다,힘들다
2504,그는 곧 생일이 다가왔다,기대하고 있다,기쁘다
2505,그는 늦잠을 잤다,게으르다,게으르다
2506,그는 세 자녀가 있었다,가정적이다,책임감 있다
2507,그는 그의 우산을 잊었다,부주의하다,어질러지다
2508,그는 쿠폰을 사용했다,절약을 중시한다,현명하다
2509,그는 그녀를 알아봤다,감동받았다,기억력이 좋다
2510,그는 낯빛이 파란색으로 변했다,놀란 것 같다,충격받다
2511,그는 두 골을 넣었다,유능하다,자신감 넘친다
2512,그는 기분이 별로 좋지 않았다,우울하다,우울하다
2513,그는 카드를 받았다,행운이 있다,기쁘다
2514,그는 수업이 끝난 후에도 남아 있었다,열정적이다,열정적이다
2515,그는 공을 슛했다,경기에서 능력을 발휘한다,명중률이 높다
2516,그는 토론도 볼 수 있었다,이해심이 깊다,지적이다
2517,그는 어깨를 심하게 다쳤다,고통스럽다,고통스럽다
2518,그는 실패했다,좌절한 모습이다,좌절하다
2519,그는 갑자기 멈췄다,놀라운 사람이다,주의 깊다
2520,그는 새 재킷을 구입했다,사치스럽다,자신있다
2521,그는 좋은 하루를 보내었다,행복하다,행복하다
2522,그는 머리스타일을 바꿨다,변화를 추구한다,새롭다
2523,그는 무사히 집에 도착했다,안전하다,안도하다
2524,그는 거칠게 잤다,피곤한 모습이다,피곤하다
2525,그는 방금 새 직장을 구했다,행운아이다,흐뭇하다
2526,그는 파일을 생성했다,창의적이다,유능하다
2527,그는 새 지갑을 원했다,소비욕이 강하다,사치스럽다
